"weapon_card_id","requirement","mod_type","mod_args","limited","priority","combined_w_id","pow"
5000,"{:base=>[1..21]}",9,":base_sap|1",1,0,0,100
5000,"{:base=>[1..21]}",9,":base_sdp|1",1,0,0,100
5000,"{:base=>[1..21]}",9,":base_aap|1",1,0,0,100
5000,"{:base=>[1..21]}",9,":base_adp|1",1,0,0,100
5001,"{:base=>[9000..11000]}",1,":base_sap|1",0,0,0,100
5002,"{:base=>[9000..11000]}",1,":base_sdp|1",0,0,0,100
5003,"{:base=>[9000..11000]}",1,":base_aap|1",0,0,0,100
5004,"{:base=>[9000..11000]}",1,":base_adp|1",0,0,0,100
5005,"{:base=>[9000..11000]}",3,":base_sap|1",0,0,0,100
5006,"{:base=>[9000..11000]}",3,":base_sdp|1",0,0,0,100
5007,"{:base=>[9000..11000]}",3,":base_aap|1",0,0,0,100
5008,"{:base=>[9000..11000]}",3,":base_adp|1",0,0,0,100
5009,"{:base=>[9000..11000]}",2,":add_sap|1|2",0,0,0,100
5010,"{:base=>[9000..11000]}",2,":add_sdp|1|2",0,0,0,100
5011,"{:base=>[9000..11000]}",2,":add_aap|1|2",0,0,0,100
5012,"{:base=>[9000..11000]}",2,":add_adp|1|2",0,0,0,100
5013,"{:base=>[9000..11000]}",2,":add_sap|4|6",0,0,0,100
5014,"{:base=>[9000..11000]}",2,":add_sdp|4|6",0,0,0,100
5015,"{:base=>[9000..11000]}",2,":add_aap|4|6",0,0,0,100
5016,"{:base=>[9000..11000]}",2,":add_adp|4|6",0,0,0,100
5017,"{:base=>[9000..11000]}",2,":add_sap|7|10",0,0,0,100
5018,"{:base=>[9000..11000]}",2,":add_sdp|7|10",0,0,0,100
5019,"{:base=>[9000..11000]}",2,":add_aap|7|10",0,0,0,100
5020,"{:base=>[9000..11000]}",2,":add_adp|7|10",0,0,0,100
5021,"{:base=>[9000..11000]}",7,":base_max|3",0,0,0,100
5022,"{:base=>[9000..11000]}",7,":base_max|4",0,0,0,100
5023,"{:base=>[9000..11000]}",7,":base_max|5",0,0,0,100
1,"{:base=>[9000..11000]}",2,":add_sap|1|2",0,0,0,100
2,"{:base=>[9000..11000]}",2,":add_aap|1|2",0,0,0,100
3,"{:base=>[9000..11000]}",2,":add_sdp|1|2",0,0,0,100
4,"{:base=>[9000..11000]}",2,":add_sap|1|2",0,0,0,100
5,"{:base=>[9000..11000]}",2,":add_aap|1|2",0,0,0,100
6,"{:base=>[9000..11000]}",2,":add_sap|1|2",0,0,0,100
7,"{:base=>[9000..11000]}",2,":add_aap|1|2",0,0,0,100
8,"{:base=>[9000..11000]}",2,":add_sdp|1|2",0,0,0,100
9,"{:base=>[9000..11000]}",2,":add_sap|1|2",0,0,0,100
10,"{:base=>[9000..11000]}",2,":add_aap|1|2",0,0,0,100
11,"{:base=>[9000..11000]}",2,":add_sap|1|2",0,0,0,100
12,"{:base=>[9000..11000]}",2,":add_aap|1|2",0,0,0,100
13,"{:base=>[9000..11000]}",2,":add_adp|1|2",0,0,0,100
14,"{:base=>[9000..11000]}",2,":add_sap|1|2",0,0,0,100
15,"{:base=>[9000..11000]}",2,":add_aap|1|2",0,0,0,100
16,"{:base=>[9000..11000]}",2,":add_sap|1|2",0,0,0,100
17,"{:base=>[9000..11000]}",2,":add_sap|0|1",0,0,0,100
18,"{:base=>[9000..11000]}",2,":add_sap|1|2",0,0,0,100
19,"{:base=>[9000..11000]}",2,":add_sap|0|1",0,0,0,100
20,"{:base=>[9000..11000]}",2,":add_aap|1|2",0,0,0,100
21,"{:base=>[9000..11000]}",2,":add_aap|0|1",0,0,0,100
16,"{:base=>[9000..11000]}",2,":add_aap|0|1",0,0,0,100
17,"{:base=>[9000..11000]}",2,":add_aap|1|2",0,0,0,100
18,"{:base=>[9000..11000]}",2,":add_sdp|0|1",0,0,0,100
19,"{:base=>[9000..11000]}",2,":add_sdp|1|2",0,0,0,100
20,"{:base=>[9000..11000]}",2,":add_adp|0|1",0,0,0,100
21,"{:base=>[9000..11000]}",2,":add_adp|1|2",0,0,0,100
9000,"{:base=>[9000..11000]}",2,":add_sap|2|4",0,0,0,100
9000,"{:base=>[9000..11000]}",2,":add_sdp|2|4",0,0,0,100
9001,"{:base=>[9000..11000]}",2,":add_aap|2|4",0,0,0,100
9001,"{:base=>[9000..11000]}",2,":add_adp|2|4",0,0,0,100
9002,"{:base=>[9000..11000]}",2,":add_sap|2|4",0,0,0,100
9002,"{:base=>[9000..11000]}",2,":add_aap|2|4",0,0,0,100
9003,"{:base=>[9000..11000]}",2,":add_sdp|2|4",0,0,0,100
9003,"{:base=>[9000..11000]}",2,":add_adp|2|4",0,0,0,100
9004,"{:base=>[9000..11000]}",2,":add_aap|3|5",0,0,0,100
9005,"{:base=>[9000..11000]}",2,":add_sap|3|5",0,0,0,100
10000,"{:base=>[9000..11000]}",2,":add_sap|5|8",0,0,0,100
10001,"{:base=>[9000..11000]}",2,":add_sap|5|8",0,0,0,100
10002,"{:base=>[9000..11000]}",2,":add_sap|5|8",0,0,0,100
10003,"{:base=>[9000..11000]}",2,":add_sap|5|8",0,0,0,100
10004,"{:base=>[9000..11000]}",2,":add_sap|5|8",0,0,0,100
10005,"{:base=>[9000..11000]}",2,":add_sap|5|8",0,0,0,100
10006,"{:base=>[9000..11000]}",2,":add_sap|5|8",0,0,0,100
10007,"{:base=>[9000..11000]}",2,":add_sap|5|8",0,0,0,100
10008,"{:base=>[9000..11000]}",2,":add_sap|5|8",0,0,0,100
10009,"{:base=>[9000..11000]}",2,":add_sap|5|8",0,0,0,100
10010,"{:base=>[9000..11000]}",2,":add_sap|5|8",0,0,0,100
10011,"{:base=>[9000..11000]}",2,":add_sap|5|8",0,0,0,100
10012,"{:base=>[9000..11000]}",2,":add_sap|5|8",0,0,0,100
10013,"{:base=>[9000..11000]}",2,":add_sap|5|8",0,0,0,100
10014,"{:base=>[9000..11000]}",2,":add_sap|5|8",0,0,0,100
10015,"{:base=>[9000..11000]}",2,":add_sap|5|8",0,0,0,100
10016,"{:base=>[9000..11000]}",2,":add_sap|5|8",0,0,0,100
10017,"{:base=>[9000..11000]}",2,":add_sap|5|8",0,0,0,100
10018,"{:base=>[9000..11000]}",2,":add_sap|5|8",0,0,0,100
10019,"{:base=>[9000..11000]}",2,":add_sap|5|8",0,0,0,100
10020,"{:base=>[9000..11000]}",2,":add_sap|5|8",0,0,0,100
10021,"{:base=>[9000..11000]}",2,":add_sap|5|8",0,0,0,100
10022,"{:base=>[9000..11000]}",2,":add_sap|5|8",0,0,0,100
10023,"{:base=>[9000..11000]}",2,":add_sap|5|8",0,0,0,100
10024,"{:base=>[9000..11000]}",2,":add_sap|5|8",0,0,0,100
10025,"{:base=>[9000..11000]}",2,":add_sap|5|8",0,0,0,100
10026,"{:base=>[9000..11000]}",2,":add_sap|5|8",0,0,0,100
10027,"{:base=>[9000..11000]}",2,":add_sap|5|8",0,0,0,100
10028,"{:base=>[9000..11000]}",2,":add_sap|5|8",0,0,0,100
10029,"{:base=>[9000..11000]}",2,":add_sap|5|8",0,0,0,100
10030,"{:base=>[9000..11000]}",2,":add_sap|5|8",0,0,0,100
10031,"{:base=>[9000..11000]}",2,":add_sap|5|8",0,0,0,100
10032,"{:base=>[9000..11000]}",2,":add_sap|5|8",0,0,0,100
10033,"{:base=>[9000..11000]}",2,":add_sap|5|8",0,0,0,100
10034,"{:base=>[9000..11000]}",2,":add_sap|5|8",0,0,0,100
10035,"{:base=>[9000..11000]}",2,":add_sap|5|8",0,0,0,100
10036,"{:base=>[9000..11000]}",2,":add_sap|5|8",0,0,0,100
10037,"{:base=>[9000..11000]}",2,":add_sap|5|8",0,0,0,100
10038,"{:base=>[9000..11000]}",2,":add_sap|5|8",0,0,0,100
10039,"{:base=>[9000..11000]}",2,":add_sap|5|8",0,0,0,100
10040,"{:base=>[9000..11000]}",2,":add_sap|5|8",0,0,0,100
10041,"{:base=>[9000..11000]}",2,":add_sap|5|8",0,0,0,100
10042,"{:base=>[9000..11000]}",2,":add_sap|5|8",0,0,0,100
10043,"{:base=>[9000..11000]}",2,":add_sap|5|8",0,0,0,100
10044,"{:base=>[9000..11000]}",2,":add_sap|5|8",0,0,0,100
10045,"{:base=>[9000..11000]}",2,":add_sap|5|8",0,0,0,100
10046,"{:base=>[9000..11000]}",2,":add_sap|5|8",0,0,0,100
10047,"{:base=>[9000..11000]}",2,":add_sap|5|8",0,0,0,100
10048,"{:base=>[9000..11000]}",2,":add_sap|5|8",0,0,0,100
10049,"{:base=>[9000..11000]}",2,":add_sap|5|8",0,0,0,100
10050,"{:base=>[9000..11000]}",2,":add_sap|5|8",0,0,0,100
10051,"{:base=>[9000..11000]}",2,":add_sap|5|8",0,0,0,100
10052,"{:base=>[9000..11000]}",2,":add_sap|5|8",0,0,0,100
10053,"{:base=>[9000..11000]}",2,":add_sap|5|8",0,0,0,100
10054,"{:base=>[9000..11000]}",2,":add_sap|5|8",0,0,0,100
10055,"{:base=>[9000..11000]}",2,":add_sap|5|8",0,0,0,100
10056,"{:base=>[9000..11000]}",2,":add_sap|5|8",0,0,0,100
10057,"{:base=>[9000..11000]}",2,":add_sap|5|8",0,0,0,100
10058,"{:base=>[9000..11000]}",2,":add_sap|5|8",0,0,0,100
10059,"{:base=>[9000..11000]}",2,":add_sap|5|8",0,0,0,100
10060,"{:base=>[9000..11000]}",2,":add_sap|5|8",0,0,0,100
10061,"{:base=>[9000..11000]}",2,":add_sap|5|8",0,0,0,100
10062,"{:base=>[9000..11000]}",2,":add_sap|5|8",0,0,0,100
10063,"{:base=>[9000..11000]}",2,":add_sap|5|8",0,0,0,100
10064,"{:base=>[9000..11000]}",2,":add_sap|5|8",0,0,0,100
10065,"{:base=>[9000..11000]}",2,":add_sap|5|8",0,0,0,100
10066,"{:base=>[9000..11000]}",2,":add_sap|5|8",0,0,0,100
10067,"{:base=>[9000..11000]}",2,":add_sap|5|8",0,0,0,100
10068,"{:base=>[9000..11000]}",2,":add_sap|5|8",0,0,0,100
10069,"{:base=>[9000..11000]}",2,":add_sap|5|8",0,0,0,100
10070,"{:base=>[9000..11000]}",2,":add_sap|5|8",0,0,0,100
10071,"{:base=>[9000..11000]}",2,":add_sap|5|8",0,0,0,100
10072,"{:base=>[9000..11000]}",2,":add_sap|5|8",0,0,0,100
10073,"{:base=>[9000..11000]}",2,":add_sap|5|8",0,0,0,100
10074,"{:base=>[9000..11000]}",2,":add_sap|5|8",0,0,0,100
10075,"{:base=>[9000..11000]}",2,":add_sap|5|8",0,0,0,100
10076,"{:base=>[9000..11000]}",2,":add_sap|5|8",0,0,0,100
10077,"{:base=>[9000..11000]}",2,":add_sap|5|8",0,0,0,100
10078,"{:base=>[9000..11000]}",2,":add_sap|5|8",0,0,0,100
10079,"{:base=>[9000..11000]}",2,":add_sap|5|8",0,0,0,100
10080,"{:base=>[9000..11000]}",2,":add_sap|5|8",0,0,0,100
10081,"{:base=>[9000..11000]}",2,":add_sap|5|8",0,0,0,100
10082,"{:base=>[9000..11000]}",2,":add_sap|5|8",0,0,0,100
10083,"{:base=>[9000..11000]}",2,":add_sap|5|8",0,0,0,100
10084,"{:base=>[9000..11000]}",2,":add_sap|5|8",0,0,0,100
10085,"{:base=>[9000..11000]}",2,":add_sap|5|8",0,0,0,100
10086,"{:base=>[9000..11000]}",2,":add_sap|5|8",0,0,0,100
10087,"{:base=>[9000..11000]}",2,":add_sap|5|8",0,0,0,100
10088,"{:base=>[9000..11000]}",2,":add_sap|5|8",0,0,0,100
10089,"{:base=>[9000..11000]}",2,":add_sap|5|8",0,0,0,100
10090,"{:base=>[9000..11000]}",2,":add_sap|5|8",0,0,0,100
10091,"{:base=>[9000..11000]}",2,":add_sap|5|8",0,0,0,100
10092,"{:base=>[9000..11000]}",2,":add_sap|5|8",0,0,0,100
10093,"{:base=>[9000..11000]}",2,":add_sap|5|8",0,0,0,100
10094,"{:base=>[9000..11000]}",2,":add_sap|5|8",0,0,0,100
10095,"{:base=>[9000..11000]}",2,":add_sap|5|8",0,0,0,100
10096,"{:base=>[9000..11000]}",2,":add_sap|5|8",0,0,0,100
10097,"{:base=>[9000..11000]}",2,":add_sap|5|8",0,0,0,100
10098,"{:base=>[9000..11000]}",2,":add_sap|5|8",0,0,0,100
10099,"{:base=>[9000..11000]}",2,":add_sap|5|8",0,0,0,100
10100,"{:base=>[9000..11000]}",2,":add_sap|5|8",0,0,0,100
10000,"{:base=>[9000..11000]}",2,":add_sdp|5|8",0,0,0,100
10001,"{:base=>[9000..11000]}",2,":add_sdp|5|8",0,0,0,100
10002,"{:base=>[9000..11000]}",2,":add_sdp|5|8",0,0,0,100
10003,"{:base=>[9000..11000]}",2,":add_sdp|5|8",0,0,0,100
10004,"{:base=>[9000..11000]}",2,":add_sdp|5|8",0,0,0,100
10005,"{:base=>[9000..11000]}",2,":add_sdp|5|8",0,0,0,100
10006,"{:base=>[9000..11000]}",2,":add_sdp|5|8",0,0,0,100
10007,"{:base=>[9000..11000]}",2,":add_sdp|5|8",0,0,0,100
10008,"{:base=>[9000..11000]}",2,":add_sdp|5|8",0,0,0,100
10009,"{:base=>[9000..11000]}",2,":add_sdp|5|8",0,0,0,100
10010,"{:base=>[9000..11000]}",2,":add_sdp|5|8",0,0,0,100
10011,"{:base=>[9000..11000]}",2,":add_sdp|5|8",0,0,0,100
10012,"{:base=>[9000..11000]}",2,":add_sdp|5|8",0,0,0,100
10013,"{:base=>[9000..11000]}",2,":add_sdp|5|8",0,0,0,100
10014,"{:base=>[9000..11000]}",2,":add_sdp|5|8",0,0,0,100
10015,"{:base=>[9000..11000]}",2,":add_sdp|5|8",0,0,0,100
10016,"{:base=>[9000..11000]}",2,":add_sdp|5|8",0,0,0,100
10017,"{:base=>[9000..11000]}",2,":add_sdp|5|8",0,0,0,100
10018,"{:base=>[9000..11000]}",2,":add_sdp|5|8",0,0,0,100
10019,"{:base=>[9000..11000]}",2,":add_sdp|5|8",0,0,0,100
10020,"{:base=>[9000..11000]}",2,":add_sdp|5|8",0,0,0,100
10021,"{:base=>[9000..11000]}",2,":add_sdp|5|8",0,0,0,100
10022,"{:base=>[9000..11000]}",2,":add_sdp|5|8",0,0,0,100
10023,"{:base=>[9000..11000]}",2,":add_sdp|5|8",0,0,0,100
10024,"{:base=>[9000..11000]}",2,":add_sdp|5|8",0,0,0,100
10025,"{:base=>[9000..11000]}",2,":add_sdp|5|8",0,0,0,100
10026,"{:base=>[9000..11000]}",2,":add_sdp|5|8",0,0,0,100
10027,"{:base=>[9000..11000]}",2,":add_sdp|5|8",0,0,0,100
10028,"{:base=>[9000..11000]}",2,":add_sdp|5|8",0,0,0,100
10029,"{:base=>[9000..11000]}",2,":add_sdp|5|8",0,0,0,100
10030,"{:base=>[9000..11000]}",2,":add_sdp|5|8",0,0,0,100
10031,"{:base=>[9000..11000]}",2,":add_sdp|5|8",0,0,0,100
10032,"{:base=>[9000..11000]}",2,":add_sdp|5|8",0,0,0,100
10033,"{:base=>[9000..11000]}",2,":add_sdp|5|8",0,0,0,100
10034,"{:base=>[9000..11000]}",2,":add_sdp|5|8",0,0,0,100
10035,"{:base=>[9000..11000]}",2,":add_sdp|5|8",0,0,0,100
10036,"{:base=>[9000..11000]}",2,":add_sdp|5|8",0,0,0,100
10037,"{:base=>[9000..11000]}",2,":add_sdp|5|8",0,0,0,100
10038,"{:base=>[9000..11000]}",2,":add_sdp|5|8",0,0,0,100
10039,"{:base=>[9000..11000]}",2,":add_sdp|5|8",0,0,0,100
10040,"{:base=>[9000..11000]}",2,":add_sdp|5|8",0,0,0,100
10041,"{:base=>[9000..11000]}",2,":add_sdp|5|8",0,0,0,100
10042,"{:base=>[9000..11000]}",2,":add_sdp|5|8",0,0,0,100
10043,"{:base=>[9000..11000]}",2,":add_sdp|5|8",0,0,0,100
10044,"{:base=>[9000..11000]}",2,":add_sdp|5|8",0,0,0,100
10045,"{:base=>[9000..11000]}",2,":add_sdp|5|8",0,0,0,100
10046,"{:base=>[9000..11000]}",2,":add_sdp|5|8",0,0,0,100
10047,"{:base=>[9000..11000]}",2,":add_sdp|5|8",0,0,0,100
10048,"{:base=>[9000..11000]}",2,":add_sdp|5|8",0,0,0,100
10049,"{:base=>[9000..11000]}",2,":add_sdp|5|8",0,0,0,100
10050,"{:base=>[9000..11000]}",2,":add_sdp|5|8",0,0,0,100
10051,"{:base=>[9000..11000]}",2,":add_sdp|5|8",0,0,0,100
10052,"{:base=>[9000..11000]}",2,":add_sdp|5|8",0,0,0,100
10053,"{:base=>[9000..11000]}",2,":add_sdp|5|8",0,0,0,100
10054,"{:base=>[9000..11000]}",2,":add_sdp|5|8",0,0,0,100
10055,"{:base=>[9000..11000]}",2,":add_sdp|5|8",0,0,0,100
10056,"{:base=>[9000..11000]}",2,":add_sdp|5|8",0,0,0,100
10057,"{:base=>[9000..11000]}",2,":add_sdp|5|8",0,0,0,100
10058,"{:base=>[9000..11000]}",2,":add_sdp|5|8",0,0,0,100
10059,"{:base=>[9000..11000]}",2,":add_sdp|5|8",0,0,0,100
10060,"{:base=>[9000..11000]}",2,":add_sdp|5|8",0,0,0,100
10061,"{:base=>[9000..11000]}",2,":add_sdp|5|8",0,0,0,100
10062,"{:base=>[9000..11000]}",2,":add_sdp|5|8",0,0,0,100
10063,"{:base=>[9000..11000]}",2,":add_sdp|5|8",0,0,0,100
10064,"{:base=>[9000..11000]}",2,":add_sdp|5|8",0,0,0,100
10065,"{:base=>[9000..11000]}",2,":add_sdp|5|8",0,0,0,100
10066,"{:base=>[9000..11000]}",2,":add_sdp|5|8",0,0,0,100
10067,"{:base=>[9000..11000]}",2,":add_sdp|5|8",0,0,0,100
10068,"{:base=>[9000..11000]}",2,":add_sdp|5|8",0,0,0,100
10069,"{:base=>[9000..11000]}",2,":add_sdp|5|8",0,0,0,100
10070,"{:base=>[9000..11000]}",2,":add_sdp|5|8",0,0,0,100
10071,"{:base=>[9000..11000]}",2,":add_sdp|5|8",0,0,0,100
10072,"{:base=>[9000..11000]}",2,":add_sdp|5|8",0,0,0,100
10073,"{:base=>[9000..11000]}",2,":add_sdp|5|8",0,0,0,100
10074,"{:base=>[9000..11000]}",2,":add_sdp|5|8",0,0,0,100
10075,"{:base=>[9000..11000]}",2,":add_sdp|5|8",0,0,0,100
10076,"{:base=>[9000..11000]}",2,":add_sdp|5|8",0,0,0,100
10077,"{:base=>[9000..11000]}",2,":add_sdp|5|8",0,0,0,100
10078,"{:base=>[9000..11000]}",2,":add_sdp|5|8",0,0,0,100
10079,"{:base=>[9000..11000]}",2,":add_sdp|5|8",0,0,0,100
10080,"{:base=>[9000..11000]}",2,":add_sdp|5|8",0,0,0,100
10081,"{:base=>[9000..11000]}",2,":add_sdp|5|8",0,0,0,100
10082,"{:base=>[9000..11000]}",2,":add_sdp|5|8",0,0,0,100
10083,"{:base=>[9000..11000]}",2,":add_sdp|5|8",0,0,0,100
10084,"{:base=>[9000..11000]}",2,":add_sdp|5|8",0,0,0,100
10085,"{:base=>[9000..11000]}",2,":add_sdp|5|8",0,0,0,100
10086,"{:base=>[9000..11000]}",2,":add_sdp|5|8",0,0,0,100
10087,"{:base=>[9000..11000]}",2,":add_sdp|5|8",0,0,0,100
10088,"{:base=>[9000..11000]}",2,":add_sdp|5|8",0,0,0,100
10089,"{:base=>[9000..11000]}",2,":add_sdp|5|8",0,0,0,100
10090,"{:base=>[9000..11000]}",2,":add_sdp|5|8",0,0,0,100
10091,"{:base=>[9000..11000]}",2,":add_sdp|5|8",0,0,0,100
10092,"{:base=>[9000..11000]}",2,":add_sdp|5|8",0,0,0,100
10093,"{:base=>[9000..11000]}",2,":add_sdp|5|8",0,0,0,100
10094,"{:base=>[9000..11000]}",2,":add_sdp|5|8",0,0,0,100
10095,"{:base=>[9000..11000]}",2,":add_sdp|5|8",0,0,0,100
10096,"{:base=>[9000..11000]}",2,":add_sdp|5|8",0,0,0,100
10097,"{:base=>[9000..11000]}",2,":add_sdp|5|8",0,0,0,100
10098,"{:base=>[9000..11000]}",2,":add_sdp|5|8",0,0,0,100
10099,"{:base=>[9000..11000]}",2,":add_sdp|5|8",0,0,0,100
10100,"{:base=>[9000..11000]}",2,":add_sdp|5|8",0,0,0,100
10000,"{:base=>[9000..11000]}",2,":add_aap|5|8",0,0,0,100
10001,"{:base=>[9000..11000]}",2,":add_aap|5|8",0,0,0,100
10002,"{:base=>[9000..11000]}",2,":add_aap|5|8",0,0,0,100
10003,"{:base=>[9000..11000]}",2,":add_aap|5|8",0,0,0,100
10004,"{:base=>[9000..11000]}",2,":add_aap|5|8",0,0,0,100
10005,"{:base=>[9000..11000]}",2,":add_aap|5|8",0,0,0,100
10006,"{:base=>[9000..11000]}",2,":add_aap|5|8",0,0,0,100
10007,"{:base=>[9000..11000]}",2,":add_aap|5|8",0,0,0,100
10008,"{:base=>[9000..11000]}",2,":add_aap|5|8",0,0,0,100
10009,"{:base=>[9000..11000]}",2,":add_aap|5|8",0,0,0,100
10010,"{:base=>[9000..11000]}",2,":add_aap|5|8",0,0,0,100
10011,"{:base=>[9000..11000]}",2,":add_aap|5|8",0,0,0,100
10012,"{:base=>[9000..11000]}",2,":add_aap|5|8",0,0,0,100
10013,"{:base=>[9000..11000]}",2,":add_aap|5|8",0,0,0,100
10014,"{:base=>[9000..11000]}",2,":add_aap|5|8",0,0,0,100
10015,"{:base=>[9000..11000]}",2,":add_aap|5|8",0,0,0,100
10016,"{:base=>[9000..11000]}",2,":add_aap|5|8",0,0,0,100
10017,"{:base=>[9000..11000]}",2,":add_aap|5|8",0,0,0,100
10018,"{:base=>[9000..11000]}",2,":add_aap|5|8",0,0,0,100
10019,"{:base=>[9000..11000]}",2,":add_aap|5|8",0,0,0,100
10020,"{:base=>[9000..11000]}",2,":add_aap|5|8",0,0,0,100
10021,"{:base=>[9000..11000]}",2,":add_aap|5|8",0,0,0,100
10022,"{:base=>[9000..11000]}",2,":add_aap|5|8",0,0,0,100
10023,"{:base=>[9000..11000]}",2,":add_aap|5|8",0,0,0,100
10024,"{:base=>[9000..11000]}",2,":add_aap|5|8",0,0,0,100
10025,"{:base=>[9000..11000]}",2,":add_aap|5|8",0,0,0,100
10026,"{:base=>[9000..11000]}",2,":add_aap|5|8",0,0,0,100
10027,"{:base=>[9000..11000]}",2,":add_aap|5|8",0,0,0,100
10028,"{:base=>[9000..11000]}",2,":add_aap|5|8",0,0,0,100
10029,"{:base=>[9000..11000]}",2,":add_aap|5|8",0,0,0,100
10030,"{:base=>[9000..11000]}",2,":add_aap|5|8",0,0,0,100
10031,"{:base=>[9000..11000]}",2,":add_aap|5|8",0,0,0,100
10032,"{:base=>[9000..11000]}",2,":add_aap|5|8",0,0,0,100
10033,"{:base=>[9000..11000]}",2,":add_aap|5|8",0,0,0,100
10034,"{:base=>[9000..11000]}",2,":add_aap|5|8",0,0,0,100
10035,"{:base=>[9000..11000]}",2,":add_aap|5|8",0,0,0,100
10036,"{:base=>[9000..11000]}",2,":add_aap|5|8",0,0,0,100
10037,"{:base=>[9000..11000]}",2,":add_aap|5|8",0,0,0,100
10038,"{:base=>[9000..11000]}",2,":add_aap|5|8",0,0,0,100
10039,"{:base=>[9000..11000]}",2,":add_aap|5|8",0,0,0,100
10040,"{:base=>[9000..11000]}",2,":add_aap|5|8",0,0,0,100
10041,"{:base=>[9000..11000]}",2,":add_aap|5|8",0,0,0,100
10042,"{:base=>[9000..11000]}",2,":add_aap|5|8",0,0,0,100
10043,"{:base=>[9000..11000]}",2,":add_aap|5|8",0,0,0,100
10044,"{:base=>[9000..11000]}",2,":add_aap|5|8",0,0,0,100
10045,"{:base=>[9000..11000]}",2,":add_aap|5|8",0,0,0,100
10046,"{:base=>[9000..11000]}",2,":add_aap|5|8",0,0,0,100
10047,"{:base=>[9000..11000]}",2,":add_aap|5|8",0,0,0,100
10048,"{:base=>[9000..11000]}",2,":add_aap|5|8",0,0,0,100
10049,"{:base=>[9000..11000]}",2,":add_aap|5|8",0,0,0,100
10050,"{:base=>[9000..11000]}",2,":add_aap|5|8",0,0,0,100
10051,"{:base=>[9000..11000]}",2,":add_aap|5|8",0,0,0,100
10052,"{:base=>[9000..11000]}",2,":add_aap|5|8",0,0,0,100
10053,"{:base=>[9000..11000]}",2,":add_aap|5|8",0,0,0,100
10054,"{:base=>[9000..11000]}",2,":add_aap|5|8",0,0,0,100
10055,"{:base=>[9000..11000]}",2,":add_aap|5|8",0,0,0,100
10056,"{:base=>[9000..11000]}",2,":add_aap|5|8",0,0,0,100
10057,"{:base=>[9000..11000]}",2,":add_aap|5|8",0,0,0,100
10058,"{:base=>[9000..11000]}",2,":add_aap|5|8",0,0,0,100
10059,"{:base=>[9000..11000]}",2,":add_aap|5|8",0,0,0,100
10060,"{:base=>[9000..11000]}",2,":add_aap|5|8",0,0,0,100
10061,"{:base=>[9000..11000]}",2,":add_aap|5|8",0,0,0,100
10062,"{:base=>[9000..11000]}",2,":add_aap|5|8",0,0,0,100
10063,"{:base=>[9000..11000]}",2,":add_aap|5|8",0,0,0,100
10064,"{:base=>[9000..11000]}",2,":add_aap|5|8",0,0,0,100
10065,"{:base=>[9000..11000]}",2,":add_aap|5|8",0,0,0,100
10066,"{:base=>[9000..11000]}",2,":add_aap|5|8",0,0,0,100
10067,"{:base=>[9000..11000]}",2,":add_aap|5|8",0,0,0,100
10068,"{:base=>[9000..11000]}",2,":add_aap|5|8",0,0,0,100
10069,"{:base=>[9000..11000]}",2,":add_aap|5|8",0,0,0,100
10070,"{:base=>[9000..11000]}",2,":add_aap|5|8",0,0,0,100
10071,"{:base=>[9000..11000]}",2,":add_aap|5|8",0,0,0,100
10072,"{:base=>[9000..11000]}",2,":add_aap|5|8",0,0,0,100
10073,"{:base=>[9000..11000]}",2,":add_aap|5|8",0,0,0,100
10074,"{:base=>[9000..11000]}",2,":add_aap|5|8",0,0,0,100
10075,"{:base=>[9000..11000]}",2,":add_aap|5|8",0,0,0,100
10076,"{:base=>[9000..11000]}",2,":add_aap|5|8",0,0,0,100
10077,"{:base=>[9000..11000]}",2,":add_aap|5|8",0,0,0,100
10078,"{:base=>[9000..11000]}",2,":add_aap|5|8",0,0,0,100
10079,"{:base=>[9000..11000]}",2,":add_aap|5|8",0,0,0,100
10080,"{:base=>[9000..11000]}",2,":add_aap|5|8",0,0,0,100
10081,"{:base=>[9000..11000]}",2,":add_aap|5|8",0,0,0,100
10082,"{:base=>[9000..11000]}",2,":add_aap|5|8",0,0,0,100
10083,"{:base=>[9000..11000]}",2,":add_aap|5|8",0,0,0,100
10084,"{:base=>[9000..11000]}",2,":add_aap|5|8",0,0,0,100
10085,"{:base=>[9000..11000]}",2,":add_aap|5|8",0,0,0,100
10086,"{:base=>[9000..11000]}",2,":add_aap|5|8",0,0,0,100
10087,"{:base=>[9000..11000]}",2,":add_aap|5|8",0,0,0,100
10088,"{:base=>[9000..11000]}",2,":add_aap|5|8",0,0,0,100
10089,"{:base=>[9000..11000]}",2,":add_aap|5|8",0,0,0,100
10090,"{:base=>[9000..11000]}",2,":add_aap|5|8",0,0,0,100
10091,"{:base=>[9000..11000]}",2,":add_aap|5|8",0,0,0,100
10092,"{:base=>[9000..11000]}",2,":add_aap|5|8",0,0,0,100
10093,"{:base=>[9000..11000]}",2,":add_aap|5|8",0,0,0,100
10094,"{:base=>[9000..11000]}",2,":add_aap|5|8",0,0,0,100
10095,"{:base=>[9000..11000]}",2,":add_aap|5|8",0,0,0,100
10096,"{:base=>[9000..11000]}",2,":add_aap|5|8",0,0,0,100
10097,"{:base=>[9000..11000]}",2,":add_aap|5|8",0,0,0,100
10098,"{:base=>[9000..11000]}",2,":add_aap|5|8",0,0,0,100
10099,"{:base=>[9000..11000]}",2,":add_aap|5|8",0,0,0,100
10100,"{:base=>[9000..11000]}",2,":add_aap|5|8",0,0,0,100
10000,"{:base=>[9000..11000]}",2,":add_adp|5|8",0,0,0,100
10001,"{:base=>[9000..11000]}",2,":add_adp|5|8",0,0,0,100
10002,"{:base=>[9000..11000]}",2,":add_adp|5|8",0,0,0,100
10003,"{:base=>[9000..11000]}",2,":add_adp|5|8",0,0,0,100
10004,"{:base=>[9000..11000]}",2,":add_adp|5|8",0,0,0,100
10005,"{:base=>[9000..11000]}",2,":add_adp|5|8",0,0,0,100
10006,"{:base=>[9000..11000]}",2,":add_adp|5|8",0,0,0,100
10007,"{:base=>[9000..11000]}",2,":add_adp|5|8",0,0,0,100
10008,"{:base=>[9000..11000]}",2,":add_adp|5|8",0,0,0,100
10009,"{:base=>[9000..11000]}",2,":add_adp|5|8",0,0,0,100
10010,"{:base=>[9000..11000]}",2,":add_adp|5|8",0,0,0,100
10011,"{:base=>[9000..11000]}",2,":add_adp|5|8",0,0,0,100
10012,"{:base=>[9000..11000]}",2,":add_adp|5|8",0,0,0,100
10013,"{:base=>[9000..11000]}",2,":add_adp|5|8",0,0,0,100
10014,"{:base=>[9000..11000]}",2,":add_adp|5|8",0,0,0,100
10015,"{:base=>[9000..11000]}",2,":add_adp|5|8",0,0,0,100
10016,"{:base=>[9000..11000]}",2,":add_adp|5|8",0,0,0,100
10017,"{:base=>[9000..11000]}",2,":add_adp|5|8",0,0,0,100
10018,"{:base=>[9000..11000]}",2,":add_adp|5|8",0,0,0,100
10019,"{:base=>[9000..11000]}",2,":add_adp|5|8",0,0,0,100
10020,"{:base=>[9000..11000]}",2,":add_adp|5|8",0,0,0,100
10021,"{:base=>[9000..11000]}",2,":add_adp|5|8",0,0,0,100
10022,"{:base=>[9000..11000]}",2,":add_adp|5|8",0,0,0,100
10023,"{:base=>[9000..11000]}",2,":add_adp|5|8",0,0,0,100
10024,"{:base=>[9000..11000]}",2,":add_adp|5|8",0,0,0,100
10025,"{:base=>[9000..11000]}",2,":add_adp|5|8",0,0,0,100
10026,"{:base=>[9000..11000]}",2,":add_adp|5|8",0,0,0,100
10027,"{:base=>[9000..11000]}",2,":add_adp|5|8",0,0,0,100
10028,"{:base=>[9000..11000]}",2,":add_adp|5|8",0,0,0,100
10029,"{:base=>[9000..11000]}",2,":add_adp|5|8",0,0,0,100
10030,"{:base=>[9000..11000]}",2,":add_adp|5|8",0,0,0,100
10031,"{:base=>[9000..11000]}",2,":add_adp|5|8",0,0,0,100
10032,"{:base=>[9000..11000]}",2,":add_adp|5|8",0,0,0,100
10033,"{:base=>[9000..11000]}",2,":add_adp|5|8",0,0,0,100
10034,"{:base=>[9000..11000]}",2,":add_adp|5|8",0,0,0,100
10035,"{:base=>[9000..11000]}",2,":add_adp|5|8",0,0,0,100
10036,"{:base=>[9000..11000]}",2,":add_adp|5|8",0,0,0,100
10037,"{:base=>[9000..11000]}",2,":add_adp|5|8",0,0,0,100
10038,"{:base=>[9000..11000]}",2,":add_adp|5|8",0,0,0,100
10039,"{:base=>[9000..11000]}",2,":add_adp|5|8",0,0,0,100
10040,"{:base=>[9000..11000]}",2,":add_adp|5|8",0,0,0,100
10041,"{:base=>[9000..11000]}",2,":add_adp|5|8",0,0,0,100
10042,"{:base=>[9000..11000]}",2,":add_adp|5|8",0,0,0,100
10043,"{:base=>[9000..11000]}",2,":add_adp|5|8",0,0,0,100
10044,"{:base=>[9000..11000]}",2,":add_adp|5|8",0,0,0,100
10045,"{:base=>[9000..11000]}",2,":add_adp|5|8",0,0,0,100
10046,"{:base=>[9000..11000]}",2,":add_adp|5|8",0,0,0,100
10047,"{:base=>[9000..11000]}",2,":add_adp|5|8",0,0,0,100
10048,"{:base=>[9000..11000]}",2,":add_adp|5|8",0,0,0,100
10049,"{:base=>[9000..11000]}",2,":add_adp|5|8",0,0,0,100
10050,"{:base=>[9000..11000]}",2,":add_adp|5|8",0,0,0,100
10051,"{:base=>[9000..11000]}",2,":add_adp|5|8",0,0,0,100
10052,"{:base=>[9000..11000]}",2,":add_adp|5|8",0,0,0,100
10053,"{:base=>[9000..11000]}",2,":add_adp|5|8",0,0,0,100
10054,"{:base=>[9000..11000]}",2,":add_adp|5|8",0,0,0,100
10055,"{:base=>[9000..11000]}",2,":add_adp|5|8",0,0,0,100
10056,"{:base=>[9000..11000]}",2,":add_adp|5|8",0,0,0,100
10057,"{:base=>[9000..11000]}",2,":add_adp|5|8",0,0,0,100
10058,"{:base=>[9000..11000]}",2,":add_adp|5|8",0,0,0,100
10059,"{:base=>[9000..11000]}",2,":add_adp|5|8",0,0,0,100
10060,"{:base=>[9000..11000]}",2,":add_adp|5|8",0,0,0,100
10061,"{:base=>[9000..11000]}",2,":add_adp|5|8",0,0,0,100
10062,"{:base=>[9000..11000]}",2,":add_adp|5|8",0,0,0,100
10063,"{:base=>[9000..11000]}",2,":add_adp|5|8",0,0,0,100
10064,"{:base=>[9000..11000]}",2,":add_adp|5|8",0,0,0,100
10065,"{:base=>[9000..11000]}",2,":add_adp|5|8",0,0,0,100
10066,"{:base=>[9000..11000]}",2,":add_adp|5|8",0,0,0,100
10067,"{:base=>[9000..11000]}",2,":add_adp|5|8",0,0,0,100
10068,"{:base=>[9000..11000]}",2,":add_adp|5|8",0,0,0,100
10069,"{:base=>[9000..11000]}",2,":add_adp|5|8",0,0,0,100
10070,"{:base=>[9000..11000]}",2,":add_adp|5|8",0,0,0,100
10071,"{:base=>[9000..11000]}",2,":add_adp|5|8",0,0,0,100
10072,"{:base=>[9000..11000]}",2,":add_adp|5|8",0,0,0,100
10073,"{:base=>[9000..11000]}",2,":add_adp|5|8",0,0,0,100
10074,"{:base=>[9000..11000]}",2,":add_adp|5|8",0,0,0,100
10075,"{:base=>[9000..11000]}",2,":add_adp|5|8",0,0,0,100
10076,"{:base=>[9000..11000]}",2,":add_adp|5|8",0,0,0,100
10077,"{:base=>[9000..11000]}",2,":add_adp|5|8",0,0,0,100
10078,"{:base=>[9000..11000]}",2,":add_adp|5|8",0,0,0,100
10079,"{:base=>[9000..11000]}",2,":add_adp|5|8",0,0,0,100
10080,"{:base=>[9000..11000]}",2,":add_adp|5|8",0,0,0,100
10081,"{:base=>[9000..11000]}",2,":add_adp|5|8",0,0,0,100
10082,"{:base=>[9000..11000]}",2,":add_adp|5|8",0,0,0,100
10083,"{:base=>[9000..11000]}",2,":add_adp|5|8",0,0,0,100
10084,"{:base=>[9000..11000]}",2,":add_adp|5|8",0,0,0,100
10085,"{:base=>[9000..11000]}",2,":add_adp|5|8",0,0,0,100
10086,"{:base=>[9000..11000]}",2,":add_adp|5|8",0,0,0,100
10087,"{:base=>[9000..11000]}",2,":add_adp|5|8",0,0,0,100
10088,"{:base=>[9000..11000]}",2,":add_adp|5|8",0,0,0,100
10089,"{:base=>[9000..11000]}",2,":add_adp|5|8",0,0,0,100
10090,"{:base=>[9000..11000]}",2,":add_adp|5|8",0,0,0,100
10091,"{:base=>[9000..11000]}",2,":add_adp|5|8",0,0,0,100
10092,"{:base=>[9000..11000]}",2,":add_adp|5|8",0,0,0,100
10093,"{:base=>[9000..11000]}",2,":add_adp|5|8",0,0,0,100
10094,"{:base=>[9000..11000]}",2,":add_adp|5|8",0,0,0,100
10095,"{:base=>[9000..11000]}",2,":add_adp|5|8",0,0,0,100
10096,"{:base=>[9000..11000]}",2,":add_adp|5|8",0,0,0,100
10097,"{:base=>[9000..11000]}",2,":add_adp|5|8",0,0,0,100
10098,"{:base=>[9000..11000]}",2,":add_adp|5|8",0,0,0,100
10099,"{:base=>[9000..11000]}",2,":add_adp|5|8",0,0,0,100
10100,"{:base=>[9000..11000]}",2,":add_adp|5|8",0,0,0,100
7000,"{:base=>[9000..11000]}",8,0,40,0,0,100
7001,"{:base=>[9000..11000]}",8,1,40,0,0,100
7002,"{:base=>[9000..11000]}",8,2,40,0,0,100
7003,"{:base=>[9000..11000]}",8,3,40,0,0,100
7004,"{:base=>[9000..11000]}",8,10,40,0,0,100
7005,"{:base=>[9000..11000]}",8,13,40,0,0,100
6001,"{:base=>[9000..11000]}",0,,600,0,10000,100
6001,"{:add=>[[6003]]}",0,,600,5,10000,1000
6003,"{:base=>[9000..11000]}",0,,600,0,10000,100
6003,"{:add=>[[6001]]}",0,,600,5,10000,1000
6001,"{:base=>[9000..11000]}",0,,600,0,10001,100
6001,"{:add=>[[6003]]}",0,,600,5,10001,1000
6003,"{:base=>[9000..11000]}",0,,600,0,10001,100
6003,"{:add=>[[6001]]}",0,,600,5,10001,1000
6001,"{:base=>[9000..11000]}",0,,600,0,10002,100
6001,"{:add=>[[6002]]}",0,,600,5,10002,1000
6002,"{:base=>[9000..11000]}",0,,600,0,10002,100
6002,"{:add=>[[6001]]}",0,,600,5,10002,1000
6001,"{:base=>[9000..11000]}",0,,600,0,10003,100
6001,"{:add=>[[6002]]}",0,,600,5,10003,1000
6002,"{:base=>[9000..11000]}",0,,600,0,10003,100
6002,"{:add=>[[6001]]}",0,,600,5,10003,1000
6001,"{:base=>[9000..11000]}",0,,600,0,10004,100
6001,"{:add=>[[6002]]}",0,,600,5,10004,1000
6002,"{:base=>[9000..11000]}",0,,600,0,10004,100
6002,"{:add=>[[6001]]}",0,,600,5,10004,1000
6001,"{:base=>[9000..11000]}",0,,600,0,10005,100
6001,"{:add=>[[6002]]}",0,,600,5,10005,1000
6002,"{:base=>[9000..11000]}",0,,600,0,10005,100
6002,"{:add=>[[6001]]}",0,,600,5,10005,1000
6001,"{:base=>[9000..11000]}",0,,600,0,10006,100
6001,"{:add=>[[6002]]}",0,,600,5,10006,1000
6002,"{:base=>[9000..11000]}",0,,600,0,10006,100
6002,"{:add=>[[6001]]}",0,,600,5,10006,1000
6001,"{:base=>[9000..11000]}",0,,600,0,10007,100
6001,"{:add=>[[6003]]}",0,,600,5,10007,1000
6003,"{:base=>[9000..11000]}",0,,600,0,10007,100
6003,"{:add=>[[6001]]}",0,,600,5,10007,1000
6001,"{:base=>[9000..11000]}",0,,600,0,10008,100
6001,"{:add=>[[6003]]}",0,,600,5,10008,1000
6003,"{:base=>[9000..11000]}",0,,600,0,10008,100
6003,"{:add=>[[6001]]}",0,,600,5,10008,1000
6001,"{:base=>[9000..11000]}",0,,600,0,10009,100
6001,"{:add=>[[6003]]}",0,,600,5,10009,1000
6003,"{:base=>[9000..11000]}",0,,600,0,10009,100
6003,"{:add=>[[6001]]}",0,,600,5,10009,1000
6000,"{:base=>[9000..11000]}",0,,600,0,10010,100
6000,"{:add=>[[6002]]}",0,,600,5,10010,1000
6002,"{:base=>[9000..11000]}",0,,600,0,10010,100
6002,"{:add=>[[6000]]}",0,,600,5,10010,1000
6000,"{:base=>[9000..11000]}",0,,600,0,10011,100
6000,"{:add=>[[6002]]}",0,,600,5,10011,1000
6002,"{:base=>[9000..11000]}",0,,600,0,10011,100
6002,"{:add=>[[6000]]}",0,,600,5,10011,1000
6001,"{:base=>[9000..11000]}",0,,600,0,10012,100
6001,"{:add=>[[6003]]}",0,,600,5,10012,1000
6003,"{:base=>[9000..11000]}",0,,600,0,10012,100
6003,"{:add=>[[6001]]}",0,,600,5,10012,1000
6001,"{:base=>[9000..11000]}",0,,600,0,10013,100
6001,"{:add=>[[6003]]}",0,,600,5,10013,1000
6003,"{:base=>[9000..11000]}",0,,600,0,10013,100
6003,"{:add=>[[6001]]}",0,,600,5,10013,1000
6000,"{:base=>[9000..11000]}",0,,600,0,10014,100
6000,"{:add=>[[6002]]}",0,,600,5,10014,1000
6002,"{:base=>[9000..11000]}",0,,600,0,10014,100
6002,"{:add=>[[6000]]}",0,,600,5,10014,1000
6000,"{:base=>[9000..11000]}",0,,600,0,10015,100
6000,"{:add=>[[6002]]}",0,,600,5,10015,1000
6002,"{:base=>[9000..11000]}",0,,600,0,10015,100
6002,"{:add=>[[6000]]}",0,,600,5,10015,1000
6000,"{:base=>[9000..11000]}",0,,600,0,10016,100
6000,"{:add=>[[6001]]}",0,,600,5,10016,1000
6001,"{:base=>[9000..11000]}",0,,600,0,10016,100
6001,"{:add=>[[6000]]}",0,,600,5,10016,1000
6001,"{:add=>[[6002]]}",0,,600,5,10016,1000
6002,"{:base=>[9000..11000]}",0,,600,0,10016,100
6002,"{:add=>[[6001]]}",0,,600,5,10016,1000
6000,"{:base=>[9000..11000]}",0,,600,0,10017,100
6000,"{:add=>[[6003]]}",0,,600,5,10017,1000
6003,"{:base=>[9000..11000]}",0,,600,0,10017,100
6003,"{:add=>[[6000]]}",0,,600,5,10017,1000
6001,"{:base=>[9000..11000]}",0,,600,0,10018,100
6001,"{:add=>[[6003]]}",0,,600,5,10018,1000
6003,"{:base=>[9000..11000]}",0,,600,0,10018,100
6003,"{:add=>[[6001]]}",0,,600,5,10018,1000
6000,"{:base=>[9000..11000]}",0,,600,0,10019,100
6000,"{:add=>[[6002]]}",0,,600,5,10019,1000
6002,"{:base=>[9000..11000]}",0,,600,0,10019,100
6002,"{:add=>[[6000]]}",0,,600,5,10019,1000
6001,"{:base=>[9000..11000]}",0,,600,0,10020,100
6001,"{:add=>[[6002]]}",0,,600,5,10020,1000
6002,"{:base=>[9000..11000]}",0,,600,0,10020,100
6002,"{:add=>[[6001]]}",0,,600,5,10020,1000
6001,"{:base=>[9000..11000]}",0,,600,0,10021,100
6001,"{:add=>[[6003]]}",0,,600,5,10021,1000
6003,"{:base=>[9000..11000]}",0,,600,0,10021,100
6003,"{:add=>[[6001]]}",0,,600,5,10021,1000
6000,"{:base=>[9000..11000]}",0,,600,0,10022,100
6000,"{:add=>[[6002]]}",0,,600,5,10022,1000
6002,"{:base=>[9000..11000]}",0,,600,0,10022,100
6002,"{:add=>[[6000]]}",0,,600,5,10022,1000
6001,"{:base=>[9000..11000]}",0,,600,0,10023,100
6001,"{:add=>[[6002]]}",0,,600,5,10023,1000
6002,"{:base=>[9000..11000]}",0,,600,0,10023,100
6002,"{:add=>[[6001]]}",0,,600,5,10023,1000
6001,"{:base=>[9000..11000]}",0,,600,0,10024,100
6001,"{:add=>[[6003]]}",0,,600,5,10024,1000
6003,"{:base=>[9000..11000]}",0,,600,0,10024,100
6003,"{:add=>[[6001]]}",0,,600,5,10024,1000
6001,"{:base=>[9000..11000]}",0,,600,0,10025,100
6001,"{:add=>[[6003]]}",0,,600,5,10025,1000
6003,"{:base=>[9000..11000]}",0,,600,0,10025,100
6003,"{:add=>[[6001]]}",0,,600,5,10025,1000
6000,"{:base=>[9000..11000]}",0,,600,0,10026,100
6000,"{:add=>[[6002]]}",0,,600,5,10026,1000
6002,"{:base=>[9000..11000]}",0,,600,0,10026,100
6002,"{:add=>[[6000]]}",0,,600,5,10026,1000
6000,"{:base=>[9000..11000]}",0,,600,0,10027,100
6000,"{:add=>[[6002]]}",0,,600,5,10027,1000
6002,"{:base=>[9000..11000]}",0,,600,0,10027,100
6002,"{:add=>[[6000]]}",0,,600,5,10027,1000
6001,"{:base=>[9000..11000]}",0,,600,0,10028,100
6001,"{:add=>[[6002]]}",0,,600,5,10028,1000
6002,"{:base=>[9000..11000]}",0,,600,0,10028,100
6002,"{:add=>[[6001]]}",0,,600,5,10028,1000
6001,"{:base=>[9000..11000]}",0,,600,0,10029,100
6001,"{:add=>[[6003]]}",0,,600,5,10029,1000
6003,"{:base=>[9000..11000]}",0,,600,0,10029,100
6003,"{:add=>[[6001]]}",0,,600,5,10029,1000
6000,"{:base=>[9000..11000]}",0,,600,0,10030,100
6000,"{:add=>[[6001]]}",0,,600,5,10030,1000
6000,"{:add=>[[6003]]}",0,,600,5,10030,1000
6001,"{:base=>[9000..11000]}",0,,600,0,10030,100
6001,"{:add=>[[6000]]}",0,,600,5,10030,1000
6001,"{:add=>[[6003]]}",0,,600,5,10030,1000
6003,"{:base=>[9000..11000]}",0,,600,0,10030,100
6003,"{:add=>[[6000]]}",0,,600,5,10030,1000
6003,"{:add=>[[6001]]}",0,,600,5,10030,1000
6001,"{:base=>[9000..11000]}",0,,600,0,10031,100
6001,"{:add=>[[6002]]}",0,,600,5,10031,1000
6002,"{:base=>[9000..11000]}",0,,600,0,10031,100
6002,"{:add=>[[6001]]}",0,,600,5,10031,1000
6001,"{:base=>[9000..11000]}",0,,600,0,10032,100
6001,"{:add=>[[6003]]}",0,,600,5,10032,1000
6003,"{:base=>[9000..11000]}",0,,600,0,10032,100
6003,"{:add=>[[6001]]}",0,,600,5,10032,1000
6000,"{:base=>[9000..11000]}",0,,600,0,10033,100
6000,"{:add=>[[6002]]}",0,,600,5,10033,1000
6002,"{:base=>[9000..11000]}",0,,600,0,10033,100
6002,"{:add=>[[6000]]}",0,,600,5,10033,1000
6001,"{:base=>[9000..11000]}",0,,600,0,10034,100
6001,"{:add=>[[6002]]}",0,,600,5,10034,1000
6002,"{:base=>[9000..11000]}",0,,600,0,10034,100
6002,"{:add=>[[6001]]}",0,,600,5,10034,1000
6000,"{:base=>[9000..11000]}",0,,600,0,10035,100
6000,"{:add=>[[6003]]}",0,,600,5,10035,1000
6003,"{:base=>[9000..11000]}",0,,600,0,10035,100
6003,"{:add=>[[6000]]}",0,,600,5,10035,1000
6001,"{:base=>[9000..11000]}",0,,600,0,10036,100
6001,"{:add=>[[6003]]}",0,,600,5,10036,1000
6003,"{:base=>[9000..11000]}",0,,600,0,10036,100
6003,"{:add=>[[6001]]}",0,,600,5,10036,1000
6000,"{:base=>[9000..11000]}",0,,600,0,10037,100
6000,"{:add=>[[6002]]}",0,,600,5,10037,1000
6002,"{:base=>[9000..11000]}",0,,600,0,10037,100
6002,"{:add=>[[6000]]}",0,,600,5,10037,1000
6001,"{:base=>[9000..11000]}",0,,600,0,10038,100
6001,"{:add=>[[6002]]}",0,,600,5,10038,1000
6002,"{:base=>[9000..11000]}",0,,600,0,10038,100
6002,"{:add=>[[6001]]}",0,,600,5,10038,1000
6001,"{:base=>[9000..11000]}",0,,600,0,10039,100
6001,"{:add=>[[6003]]}",0,,600,5,10039,1000
6003,"{:base=>[9000..11000]}",0,,600,0,10039,100
6003,"{:add=>[[6001]]}",0,,600,5,10039,1000
6000,"{:base=>[9000..11000]}",0,,600,0,10040,100
6000,"{:add=>[[6002]]}",0,,600,5,10040,1000
6002,"{:base=>[9000..11000]}",0,,600,0,10040,100
6002,"{:add=>[[6000]]}",0,,600,5,10040,1000
6001,"{:base=>[9000..11000]}",0,,600,0,10041,100
6001,"{:add=>[[6003]]}",0,,600,5,10041,1000
6003,"{:base=>[9000..11000]}",0,,600,0,10041,100
6003,"{:add=>[[6001]]}",0,,600,5,10041,1000
6000,"{:base=>[9000..11000]}",0,,600,0,10042,100
6000,"{:add=>[[6003]]}",0,,600,5,10042,1000
6003,"{:base=>[9000..11000]}",0,,600,0,10042,100
6003,"{:add=>[[6000]]}",0,,600,5,10042,1000
6001,"{:base=>[9000..11000]}",0,,600,0,10043,100
6001,"{:add=>[[6003]]}",0,,600,5,10043,1000
6003,"{:base=>[9000..11000]}",0,,600,0,10043,100
6003,"{:add=>[[6001]]}",0,,600,5,10043,1000
6000,"{:base=>[9000..11000]}",0,,600,0,10044,100
6000,"{:add=>[[6002]]}",0,,600,5,10044,1000
6002,"{:base=>[9000..11000]}",0,,600,0,10044,100
6002,"{:add=>[[6000]]}",0,,600,5,10044,1000
6001,"{:base=>[9000..11000]}",0,,600,0,10045,100
6001,"{:add=>[[6003]]}",0,,600,5,10045,1000
6003,"{:base=>[9000..11000]}",0,,600,0,10045,100
6003,"{:add=>[[6001]]}",0,,600,5,10045,1000
6000,"{:base=>[9000..11000]}",0,,600,0,10046,100
6000,"{:add=>[[6002]]}",0,,600,5,10046,1000
6002,"{:base=>[9000..11000]}",0,,600,0,10046,100
6002,"{:add=>[[6000]]}",0,,600,5,10046,1000
6001,"{:base=>[9000..11000]}",0,,600,0,10047,100
6001,"{:add=>[[6003]]}",0,,600,5,10047,1000
6003,"{:base=>[9000..11000]}",0,,600,0,10047,100
6003,"{:add=>[[6001]]}",0,,600,5,10047,1000
6000,"{:base=>[9000..11000]}",0,,600,0,10048,100
6000,"{:add=>[[6002]]}",0,,600,5,10048,1000
6002,"{:base=>[9000..11000]}",0,,600,0,10048,100
6002,"{:add=>[[6000]]}",0,,600,5,10048,1000
6001,"{:base=>[9000..11000]}",0,,600,0,10049,100
6001,"{:add=>[[6003]]}",0,,600,5,10049,1000
6003,"{:base=>[9000..11000]}",0,,600,0,10049,100
6003,"{:add=>[[6001]]}",0,,600,5,10049,1000
6000,"{:base=>[9000..11000]}",0,,600,0,10050,100
6000,"{:add=>[[6003]]}",0,,600,5,10050,1000
6003,"{:base=>[9000..11000]}",0,,600,0,10050,100
6003,"{:add=>[[6000]]}",0,,600,5,10050,1000
6001,"{:base=>[9000..11000]}",0,,600,0,10051,100
6001,"{:add=>[[6003]]}",0,,600,5,10051,1000
6003,"{:base=>[9000..11000]}",0,,600,0,10051,100
6003,"{:add=>[[6001]]}",0,,600,5,10051,1000
6000,"{:base=>[9000..11000]}",0,,600,0,10052,100
6000,"{:add=>[[6003]]}",0,,600,5,10052,1000
6003,"{:base=>[9000..11000]}",0,,600,0,10052,100
6003,"{:add=>[[6000]]}",0,,600,5,10052,1000
6001,"{:base=>[9000..11000]}",0,,600,0,10053,100
6001,"{:add=>[[6003]]}",0,,600,5,10053,1000
6003,"{:base=>[9000..11000]}",0,,600,0,10053,100
6003,"{:add=>[[6001]]}",0,,600,5,10053,1000
6001,"{:base=>[9000..11000]}",0,,600,0,10054,100
6001,"{:add=>[[6002]]}",0,,600,5,10054,1000
6002,"{:base=>[9000..11000]}",0,,600,0,10054,100
6002,"{:add=>[[6001]]}",0,,600,5,10054,1000
6000,"{:base=>[9000..11000]}",0,,600,0,10055,100
6000,"{:add=>[[6003]]}",0,,600,5,10055,1000
6003,"{:base=>[9000..11000]}",0,,600,0,10055,100
6003,"{:add=>[[6000]]}",0,,600,5,10055,1000
6001,"{:base=>[9000..11000]}",0,,600,0,10056,100
6001,"{:add=>[[6003]]}",0,,600,5,10056,1000
6003,"{:base=>[9000..11000]}",0,,600,0,10056,100
6003,"{:add=>[[6001]]}",0,,600,5,10056,1000
6000,"{:base=>[9000..11000]}",0,,600,0,10057,100
6000,"{:add=>[[6002]]}",0,,600,5,10057,1000
6002,"{:base=>[9000..11000]}",0,,600,0,10057,100
6002,"{:add=>[[6000]]}",0,,600,5,10057,1000
6001,"{:base=>[9000..11000]}",0,,600,0,10058,100
6001,"{:add=>[[6003]]}",0,,600,5,10058,1000
6003,"{:base=>[9000..11000]}",0,,600,0,10058,100
6003,"{:add=>[[6001]]}",0,,600,5,10058,1000
6000,"{:base=>[9000..11000]}",0,,600,0,10059,100
6000,"{:add=>[[6003]]}",0,,600,5,10059,1000
6003,"{:base=>[9000..11000]}",0,,600,0,10059,100
6003,"{:add=>[[6000]]}",0,,600,5,10059,1000
6001,"{:base=>[9000..11000]}",0,,600,0,10060,100
6001,"{:add=>[[6003]]}",0,,600,5,10060,1000
6003,"{:base=>[9000..11000]}",0,,600,0,10060,100
6003,"{:add=>[[6001]]}",0,,600,5,10060,1000
6000,"{:base=>[9000..11000]}",0,,600,0,10061,100
6000,"{:add=>[[6003]]}",0,,600,5,10061,1000
6003,"{:base=>[9000..11000]}",0,,600,0,10061,100
6003,"{:add=>[[6000]]}",0,,600,5,10061,1000
6001,"{:base=>[9000..11000]}",0,,600,0,10062,100
6001,"{:add=>[[6002]]}",0,,600,5,10062,1000
6002,"{:base=>[9000..11000]}",0,,600,0,10062,100
6002,"{:add=>[[6001]]}",0,,600,5,10062,1000
6000,"{:base=>[9000..11000]}",0,,600,0,10063,100
6000,"{:add=>[[6002]]}",0,,600,5,10063,1000
6002,"{:base=>[9000..11000]}",0,,600,0,10063,100
6002,"{:add=>[[6000]]}",0,,600,5,10063,1000
6001,"{:base=>[9000..11000]}",0,,600,0,10064,100
6001,"{:add=>[[6003]]}",0,,600,5,10064,1000
6003,"{:base=>[9000..11000]}",0,,600,0,10064,100
6003,"{:add=>[[6001]]}",0,,600,5,10064,1000
6000,"{:base=>[9000..11000]}",0,,600,0,10065,100
6000,"{:add=>[[6002]]}",0,,600,5,10065,1000
6002,"{:base=>[9000..11000]}",0,,600,0,10065,100
6002,"{:add=>[[6000]]}",0,,600,5,10065,1000
6001,"{:base=>[9000..11000]}",0,,600,0,10066,100
6001,"{:add=>[[6003]]}",0,,600,5,10066,1000
6003,"{:base=>[9000..11000]}",0,,600,0,10066,100
6003,"{:add=>[[6001]]}",0,,600,5,10066,1000
6000,"{:base=>[9000..11000]}",0,,600,0,10067,100
6000,"{:add=>[[6003]]}",0,,600,5,10067,1000
6003,"{:base=>[9000..11000]}",0,,600,0,10067,100
6003,"{:add=>[[6000]]}",0,,600,5,10067,1000
6001,"{:base=>[9000..11000]}",0,,600,0,10068,100
6001,"{:add=>[[6002]]}",0,,600,5,10068,1000
6002,"{:base=>[9000..11000]}",0,,600,0,10068,100
6002,"{:add=>[[6001]]}",0,,600,5,10068,1000
6000,"{:base=>[9000..11000]}",0,,600,0,10069,100
6000,"{:add=>[[6002]]}",0,,600,5,10069,1000
6002,"{:base=>[9000..11000]}",0,,600,0,10069,100
6002,"{:add=>[[6000]]}",0,,600,5,10069,1000
6001,"{:base=>[9000..11000]}",0,,600,0,10070,100
6001,"{:add=>[[6002]]}",0,,600,5,10070,1000
6002,"{:base=>[9000..11000]}",0,,600,0,10070,100
6002,"{:add=>[[6001]]}",0,,600,5,10070,1000
6000,"{:base=>[9000..11000]}",0,,600,0,10071,100
6000,"{:add=>[[6003]]}",0,,600,5,10071,1000
6003,"{:base=>[9000..11000]}",0,,600,0,10071,100
6003,"{:add=>[[6000]]}",0,,600,5,10071,1000
6001,"{:base=>[9000..11000]}",0,,600,0,10072,100
6001,"{:add=>[[6002]]}",0,,600,5,10072,1000
6002,"{:base=>[9000..11000]}",0,,600,0,10072,100
6002,"{:add=>[[6001]]}",0,,600,5,10072,1000
6000,"{:base=>[9000..11000]}",0,,600,0,10073,100
6000,"{:add=>[[6002]]}",0,,600,5,10073,1000
6002,"{:base=>[9000..11000]}",0,,600,0,10073,100
6002,"{:add=>[[6000]]}",0,,600,5,10073,1000
6004,"{:base=>[9000..11000]}",0,,600,0,10037,100
6005,"{:base=>[9000..11000]}",0,,600,0,10034,100
6001,"{:base=>[9000..11000]}",0,,600,0,10074,100
6001,"{:add=>[[6003]]}",0,,600,5,10074,1000
6003,"{:base=>[9000..11000]}",0,,600,0,10074,100
6003,"{:add=>[[6001]]}",0,,600,5,10074,1000
6000,"{:base=>[9000..11000]}",0,,600,0,10075,100
6000,"{:add=>[[6003]]}",0,,600,5,10075,1000
6003,"{:base=>[9000..11000]}",0,,600,0,10075,100
6003,"{:add=>[[6000]]}",0,,600,5,10075,1000
