"id","name","chara_card_id","weapon_card_id","equip_card_id","event_card_id","ai_rank","name_en","name_fr","name_kr","name_scn","name_tcn","name_ina","name_thai"
101,"陰気な小人L1",1001,0,0,"27/27/27/27/27/27/27/27/27/27/27/27/27/27/27/27/27/27",10,"Spooky Dwarf L1","Nain lugubre L1","음침한 난쟁이1","阴险的侏儒L1","陰險的侏儒L1","Makhluk mengerikan L1","คนแคระผู้มืดมน L1"
102,"陰気な小人L2",1002,0,0,"1/1/1/9/9/9",10,"Spooky Dwarf L2","Nain lugubre L2","음침한 난쟁이2","阴险的侏儒L2","陰險的侏儒L2","Makhluk mengerikan L2","คนแคระผู้มืดมน L2"
103,"陰気な小人L3",1003,0,0,"1/1/1/9/9/9",10,"Spooky Dwarf L3","Nain lugubre L3","음침한 난쟁이3","阴险的侏儒L3","陰險的侏儒L3","Makhluk mengerikan L3","คนแคระผู้มืดมน L3"
201,"蝙蝠L1",1004,0,0,"27/27/27/27/27/27/27/27/27/27/27/27/27/27/27/27/27/27",10,"Cave Bat L1","Chauve-souris L1","박쥐1","蝙蝠L1","蝙蝠L1","Cave Bat L1","ค้างคาว L1"
202,"蝙蝠L2",1005,0,0,"1/1/1/9/9/9",10,"Cave Bat L2","Chauve-souris L2","박쥐2","蝙蝠L2","蝙蝠L2","Cave Bat L2","ค้างคาว L2"
203,"蝙蝠L3",1006,0,0,"1/1/1/9/9/9",10,"Cave Bat L3","Chauve-souris L3","박쥐3","蝙蝠L3","蝙蝠L3","Cave Bat L3","ค้างคาว L3"
301,"大蛙L1",1007,0,0,"27/27/27/27/27/27/27/27/27/27/27/27/27/27/27/27/27/27",10,"Giant Toad L1","Crapaud Géant L1","거대 개구리1","大蛙L1","大蛙L1","Giant Toad L1","กบยักษ์ L1"
302,"大蛙L2",1008,0,0,"1/1/1/9/9/9",10,"Giant Toad L2","Crapaud Géant L2","거대 개구리2","大蛙L2","大蛙L2","Giant Toad L2","กบยักษ์ L2"
303,"大蛙L3",1009,0,0,"1/1/1/9/9/9",10,"Giant Toad L3","Crapaud Géant L3","거대 개구리3","大蛙L3","大蛙L3","Giant Toad L3","กบยักษ์ L3"
401,"鬼火L1",1010,0,0,"27/27/27/27/27/27/27/27/27/27/27/27/27/27/27/27/27/27",10,"Willo's the wisp L1","Feufollet L1","귀화1","鬼火L1","鬼火L1","Will-o-Wisp L1","ดวงไฟยักษ์ L1"
402,"鬼火L2",1011,0,0,"1/1/1/9/9/9",10,"Willo's the wisp L2","Feufollet L2","귀화2","鬼火L2","鬼火L2","Will-o-Wisp L2","ดวงไฟยักษ์ L2"
403,"鬼火L3",1012,0,0,"1/1/1/9/9/9",10,"Willo's the wisp L3","Feufollet L3","귀화3","鬼火L3","鬼火L3","Will-o-Wisp L3","ดวงไฟยักษ์ L3"
501,"茸兎L1",1013,0,0,"27/27/27/27/27/27/27/27/27/27/27/27/27/27/27/27/27/27",10,"Mushroom Beast L1","Lapin Fongique L1","버섯토끼1","茸兔L1","茸兔L1","Mushroom Beast L1","ภูตเห็ด L1"
502,"茸兎L2",1014,0,0,"1/1/1/9/9/9",10,"Mushroom Beast L2","Lapin Fongique L2","버섯토끼2","茸兔L2","茸兔L2","Mushroom Beast L2","ภูตเห็ด L2"
503,"茸兎L3",1015,0,0,"1/1/1/9/9/9",10,"Mushroom Beast L3","Lapin Fongique L3","버섯토끼3","茸兔L3","茸兔L3","Mushroom Beast L3","ภูตเห็ด L3"
601,"吊られた男L1",1016,0,0,"1/1/1/9/9/9",10,"Hanged man L1","Pendu L1","억울하게 죽은 자1","吊死者L1","吊死者L1","Hanged man L1","แฮงก์แมน L1"
602,"吊られた男L2",1017,0,0,"1/1/1/9/9/9",10,"Hanged man L2","Pendu L2","억울하게 죽은 자2","吊死者L2","吊死者L2","Hanged man L2","แฮงก์แมน L2"
603,"吊られた男L3",1018,0,0,"1/1/1/9/9/9",10,"Hanged man L3","Pendu L3","억울하게 죽은 자3","吊死者L3","吊死者L3","Hanged man L3","แฮงก์แมน L3"
701,"食屍鬼L1",1019,0,0,"1/1/1/9/9/9",10,"Ghoul L1","Goule L1","식시귀1","食尸鬼L1","食屍鬼L1","Ghoul L1","กูล L1"
702,"食屍鬼L2",1020,0,0,"1/1/1/9/9/9",10,"Ghoul L2","Goule L2","식시귀2","食尸鬼L2","食屍鬼L2","Ghoul L2","กูล L2"
703,"食屍鬼L3",1021,0,0,"1/1/1/9/9/9",10,"Ghoul L3","Goule L3","식시귀3","食尸鬼L3","食屍鬼L3","Ghoul L3","กูล L3"
801,"人狼L1",1022,0,0,"1/1/1/9/9/9",10,"Werewolf L1","Loup-garou L1","인랑1","狼人L1","狼人L1","Werewolf L1","มนุษย์หมาป่า L1"
802,"人狼L2",1023,0,0,"1/1/1/9/9/9",10,"Werewolf L2","Loup-garou L2","인랑2","狼人L2","狼人L2","Werewolf L2","มนุษย์หมาป่า L2"
803,"人狼L3",1024,0,0,"1/1/1/9/9/9",10,"Werewolf L3","Loup-garou L3","인랑3","狼人L3","狼人L3","Werewolf L3","มนุษย์หมาป่า L3"
901,"黒き哨兵L1",1025,0,0,"1/1/1/9/9/9",10,"Black Sentinel L1","Sentinelle Noire L1","흑초병1","黑哨兵L1","黑哨兵L1","Black Sentinel L1","องครักษ์สีดำ L1"
902,"黒き哨兵L2",1026,0,0,"1/1/1/9/9/9",10,"Black Sentinel L2","Sentinelle Noire L2","흑초병2","黑哨兵L2","黑哨兵L2","Black Sentinel L2","องครักษ์สีดำ L2"
903,"黒き哨兵L3",1027,0,0,"1/1/1/9/9/9",10,"Black Sentinel L3","Sentinelle Noire L3","흑초병3","黑哨兵L3","黑哨兵L3","Black Sentinel L3","องครักษ์สีดำ L3"
1001,"狂狼L1",1028,0,0,"1/1/1/9/9/9",10,"Mad Wolf L1","Loup Enragé L1","광기의 늑대1","狂狼L1","狂狼L1","Mad Wolf L1","หมาป่าคลั่ง L1"
1002,"狂狼L2",1029,0,0,"1/1/1/9/9/9",10,"Mad Wolf L2","Loup Enragé L2","광기의 늑대2","狂狼L2","狂狼L2","Mad Wolf L2","หมาป่าคลั่ง L2"
1003,"狂狼L3",1030,0,0,"1/1/1/9/9/9",10,"Mad Wolf L3","Loup Enragé L3","광기의 늑대3","狂狼L3","狂狼L3","Mad Wolf L3","หมาป่าคลั่ง L3"
1101,"鋼鉄の男L1",1031,0,0,"1/1/1/9/9/9",10,"Man Of The Steel L1","Homme d'Acier L1","강철거인1","钢铁男L1","鋼鐵男L1","Man Of The Steel L1","มนุษย์เหล็ก L1"
1102,"鋼鉄の男L2",1032,0,0,"1/1/1/9/9/9",10,"Man Of The Steel L2","Homme d'Acier L2","강철거인2","钢铁男L2","鋼鐵男L2","Man Of The Steel L2","มนุษย์เหล็ก L2"
1103,"鋼鉄の男L3",1033,0,0,"1/1/1/9/9/9",10,"Man Of The Steel L3","Homme d'Acier L3","강철거인3","钢铁男L3","鋼鐵男L3","Man Of The Steel L3","มนุษย์เหล็ก L3"
1201,"白骨騎士L1",1034,0,0,"1/1/1/9/9/9",10,"Scull Knight L1","Chevalier Faucheur L1","죽음의 기사1","白骨骑士L1","白骨騎士L1","Scull Knight L1","อัศวินกระดูก L1"
1202,"白骨騎士L2",1035,0,0,"1/1/1/9/9/9",10,"Scull Knight L2","Chevalier Faucheur L2","죽음의 기사2","白骨骑士L2","白骨騎士L2","Scull Knight L2","อัศวินกระดูก L2"
1203,"白骨騎士L3",1036,0,0,"1/1/1/9/9/9",10,"Scull Knight L3","Chevalier Faucheur L3","죽음의 기사3","白骨骑士L3","白骨騎士L3","Scull Knight L3","อัศวินกระดูก L3"
1301,"炎鬼L1",1037,0,0,"1/1/1/9/9/9",10,"Flame Damon of Beoboros L1","Démon de Beoboros L1","염혼1","炎鬼L1","炎鬼L1","Flame Damon of Beoboros L1","ยักษ์เพลิง L1"
1302,"炎鬼L2",1038,0,0,"1/1/1/9/9/9",10,"Flame Damon of Beoboros L2","Démon de Beoboros L2","염혼2","炎鬼L2","炎鬼L2","Flame Damon of Beoboros L2","ยักษ์เพลิง L2"
1303,"炎鬼L3",1039,0,0,"1/1/1/9/9/9",10,"Flame Damon of Beoboros L3","Démon de Beoboros L3","염혼3","炎鬼L3","炎鬼L3","Flame Damon of Beoboros L3","ยักษ์เพลิง L3"
1401,"影の悪魔L1",1040,0,0,"1/1/1/9/9/9",10,"Slashing Devils L1","Entaillant Diables L1","그림자 악마1","影之恶魔L1","影之惡魔L1","Slashing Devils L1",
1402,"影の悪魔L2",1041,0,0,"1/1/1/9/9/9",10,"Slashing Devils L2","Entaillant Diables L2","그림자 악마2","影之恶魔L2","影之惡魔L2","Slashing Devils L2",
1403,"影の悪魔L3",1042,0,0,"1/1/1/9/9/9",10,"Slashing Devils L3","Entaillant Diables L3","그림자 악마3","影之恶魔L3","影之惡魔L3","Slashing Devils L3",
1501,"毒鼠Lv1",1043,0,0,"2/2/2/10/10/10",10,"Poison Rat L1","Rat Toxique L1","독 쥐1","毒鼠L1","毒鼠L1","Poison Rat L1","หนูพิษ L1"
1502,"毒鼠Lv2",1044,0,0,"2/2/2/10/10/10",10,"Poison Rat L2","Rat Toxique L2","독 쥐2","毒鼠L2","毒鼠L2","Poison Rat L2","หนูพิษ L2"
1503,"毒鼠Lv3",1045,0,0,"2/2/2/10/10/10",10,"Poison Rat L3","Rat Toxique L3","독 쥐3","毒鼠L3","毒鼠L3","Poison Rat L3","หนูพิษ L3"
1601,"骸骨兵Lv1",1046,0,0,"2/2/2/10/10/10",10,"Skeleton Soldier L1","Squelette Guerrier L1","해골병1","骸骨兵L1","骸骨兵L1","Skeleton Soldier L1","ทหารโครงกระดูก L1"
1602,"骸骨兵Lv2",1047,0,0,"2/2/2/10/10/10",10,"Skeleton Soldier L2","Squelette Guerrier L2","해골병2","骸骨兵L2","骸骨兵L2","Skeleton Soldier L2","ทหารโครงกระดูก L2"
1603,"骸骨兵Lv3",1048,0,0,"2/2/2/10/10/10",10,"Skeleton Soldier L3","Squelette Guerrier L3","해골병3","骸骨兵L3","骸骨兵L3","Skeleton Soldier L3","ทหารโครงกระดูก L3"
1701,"透明な布Lv1",1049,0,0,"2/2/2/10/10/10",10,"Invisible Cloth L1","Vêtement Invisible L1","투명한 천1","透明布L1","透明布L1","Invisible Cloth L1","ผ้าคลุมปิศาจ L1"
1702,"透明な布Lv2",1050,0,0,"2/2/2/10/10/10",10,"Invisible Cloth L2","Vêtement Invisible L2","투명한 천2","透明布L2","透明布L2","Invisible Cloth L2","ผ้าคลุมปิศาจ L2"
1703,"透明な布Lv3",1051,0,0,"2/2/2/10/10/10",10,"Invisible Cloth L3","Vêtement Invisible L3","투명한 천3","透明布L3","透明布L3","Invisible Cloth L3","ผ้าคลุมปิศาจ L3"
1801,"呪われし剣Lv1",1052,0,0,"2/2/2/10/10/10",10,"Cursed Sword L1","Epée Maudite L1","저주받은 검1","咒怨剑L1","咒怨劍L1","Cursed Sword L1","ดาบต้องสาป L1"
1802,"呪われし剣Lv2",1053,0,0,"2/2/2/10/10/10",10,"Cursed Sword L2","Epée Maudite L2","저주받은 검2","咒怨剑L2","咒怨劍L2","Cursed Sword L2","ดาบต้องสาป L2"
1803,"呪われし剣Lv3",1054,0,0,"2/2/2/10/10/10",10,"Cursed Sword L3","Epée Maudite L3","저주받은 검3","咒怨剑L3","咒怨劍L3","Cursed Sword L3","ดาบต้องสาป L3"
1901,"山羊の悪魔Lv1",1055,0,0,"2/2/2/10/10/10",10,"Baphomet L1","Baphomet L1","바포메트1","山羊恶魔L1","山羊惡魔L1","Baphomet L1","บาโฟเมต L1"
1902,"山羊の悪魔Lv2",1056,0,0,"2/2/2/10/10/10",10,"Baphomet L2","Baphomet L2","바포메트2","山羊恶魔L2","山羊惡魔L2","Baphomet L2","บาโฟเมต L2"
1903,"山羊の悪魔Lv3",1057,0,0,"2/2/2/10/10/10",10,"Baphomet L3","Baphomet L3","바포메트3","山羊恶魔L3","山羊惡魔L3","Baphomet L3","บาโฟเมต L3"
2001,"ナイチンゲールLv1",1058,0,0,"2/2/2/10/10/10",10,"Nachtigall L1","Nachtigall L1","나이팅게일1","夜光鸟L1","夜光鳥L1","Nachtigall L1","ไนติงเกล L1"
2002,"ナイチンゲールLv2",1059,0,0,"2/2/2/10/10/10",10,"Nachtigall L2","Nachtigall L2","나이팅게일2","夜光鸟L2","夜光鳥L2","Nachtigall L2","ไนติงเกล L2"
2003,"ナイチンゲールLv3",1060,0,0,"2/2/2/10/10/10",10,"Nachtigall L3","Nachtigall L3","나이팅게일3","夜光鸟L3","夜光鳥L3","Nachtigall L3","ไนติงเกล L3"
2101,"双頭犬オルトスLv1",1061,0,0,"2/2/2/10/10/10",10,"Orthros L1","Orthros L1","오로토스1","双头犬欧尔多斯L1","雙頭犬歐爾多斯L1","Orthros L1","ออร์โธรส L1"
2102,"双頭犬オルトスLv2",1062,0,0,"2/2/2/10/10/10",10,"Orthros L2","Orthros L2","오로토스2","双头犬欧尔多斯L2","雙頭犬歐爾多斯L2","Orthros L2","ออร์โธรส L2"
2103,"双頭犬オルトスLv3",1063,0,0,"2/2/2/10/10/10",10,"Orthros L3","Orthros L3","오로토스3","双头犬欧尔多斯L3","雙頭犬歐爾多斯L3","Orthros L3","ออร์โธรส L3"
2201,"吸血鬼Lv1",1064,0,0,"2/2/2/10/10/10",10,"Vampire L1","Vampire L1","혈혈귀1","吸血鬼L1","吸血鬼L1","Vampire L1","แวมไพร์ L1"
2202,"吸血鬼Lv2",1065,0,0,"2/2/2/10/10/10",10,"Vampire L2","Vampire L2","혈혈귀2","吸血鬼L2","吸血鬼L2","Vampire L2","แวมไพร์ L2"
2203,"吸血鬼Lv3",1066,0,0,"2/2/2/10/10/10",10,"Vampire L3","Vampire L3","혈혈귀3","吸血鬼L3","吸血鬼L3","Vampire L3","แวมไพร์ L3"
2301,"白蜘蛛Lv1",1067,0,0,"2/2/2/10/10/10",10,"White Spider L1","Araignée Laiteuse L1","백색 거미1","白蜘蛛L1","白蜘蛛L1","Araignée Laiteuse L1","แมงมุมขาว L1"
2302,"白蜘蛛Lv2",1068,0,0,"2/2/2/10/10/10",10,"White Spider L2","Araignée Laiteuse L2","백색 거미2","白蜘蛛L2","白蜘蛛L2","Araignée Laiteuse L2","แมงมุมขาว L2"
2303,"白蜘蛛Lv3",1069,0,0,"2/2/2/10/10/10",10,"White Spider L3","Araignée Laiteuse L3","백색 거미3","白蜘蛛L3","白蜘蛛L3","Araignée Laiteuse L3","แมงมุมขาว L3"
2401,"夜鬼Lv1",1070,0,0,"2/2/2/10/10/10",10,"Night Ogre L1","Ogre des Ténèbres L1","야혼1","夜鬼L1","夜鬼L1","Ogre des Ténèbres L1","ยักษ์ราตรี L1"
2402,"夜鬼Lv2",1071,0,0,"2/2/2/10/10/10",10,"Night Ogre L2","Ogre des Ténèbres L2","야혼2","夜鬼L2","夜鬼L2","Ogre des Ténèbres L2","ยักษ์ราตรี L2"
2403,"夜鬼Lv3",1072,0,0,"2/2/2/10/10/10",10,"Night Ogre L3","Ogre des Ténèbres L3","야혼3","夜鬼L3","夜鬼L3","Ogre des Ténèbres L3","ยักษ์ราตรี L3"
2501,"妖蛆Lv1",1073,0,0,"3/3/3/11/11/11",10,"Ancient Naga L1","Naga Antique L1","고대의 나가1","妖蛆L1","妖蛆L1","Naga Antique L1","นาคภูต L1"
2502,"妖蛆Lv2",1074,0,0,"3/3/3/11/11/11",10,"Ancient Naga L2","Naga Antique L2","고대의 나가2","妖蛆L2","妖蛆L2","Naga Antique L2","นาคภูต L2"
2503,"妖蛆Lv3",1075,0,0,"3/3/3/11/11/11",10,"Ancient Naga L3","Naga Antique L3","고대의 나가3","妖蛆L3","妖蛆L3","Naga Antique L3","นาคภูต L3"
2601,"食屍賢者Lv1",1076,0,0,"3/3/3/11/11/11",10,"Unseen Master L1","Maître Invisible L1","식시귀의 현자1","食尸鬼的贤者L1","食屍鬼的賢者L1","Maître Invisible L1","นักปราชญ์ยักษ์กินศพ L1"
2602,"食屍賢者Lv2",1077,0,0,"3/3/3/11/11/11",10,"Unseen Master L2","Maître Invisible L2","식시귀의 현자2","食尸鬼的贤者L2","食屍鬼的賢者L2","Maître Invisible L2","นักปราชญ์ยักษ์กินศพ L2"
2603,"食屍賢者Lv3",1078,0,0,"3/3/3/11/11/11",10,"Unseen Master L3","Maître Invisible L3","식시귀의 현자3","食尸鬼的贤者L3","食屍鬼的賢者L3","Maître Invisible L3","นักปราชญ์ยักษ์กินศพ L3"
2701,"機械兵Lv1",1079,0,0,"3/3/3/11/11/11",10,"Mechanical Soldier L1","Soldat Mécanique L1","기계병1","机械兵L1","機械兵L1","Soldat Mécanique L1","ทหารจักรกล L1"
2702,"機械兵Lv2",1080,0,0,"3/3/3/11/11/11",10,"Mechanical Soldier L2","Soldat Mécanique L2","기계병2","机械兵L2","機械兵L2","Soldat Mécanique L2","ทหารจักรกล L2"
2703,"機械兵Lv3",1081,0,0,"3/3/3/11/11/11",10,"Mechanical Soldier L3","Soldat Mécanique L3","기계병3","机械兵L3","機械兵L3","Soldat Mécanique L3","ทหารจักรกล L3"
2801,"ウボス四肢Lv1",1082,0,0,"3/3/3/11/11/11",10,"Four limbs of Ubos L1","Membres d'Ubos L1","우보스의 사지1","乌波斯L1","烏波斯L1","Membres d'Ubos L1","ของอูโส L1"
2802,"ウボス四肢Lv2",1083,0,0,"3/3/3/11/11/11",10,"Four limbs of Ubos L2","Membres d'Ubos L2","우보스의 사지2","乌波斯L2","烏波斯L2","Membres d'Ubos L2","ของอูโส L2"
2803,"ウボス四肢Lv3",1084,0,0,"3/3/3/11/11/11",10,"Four limbs of Ubos L3","Membres d'Ubos L3","우보스의 사지3","乌波斯L3","烏波斯L3","Membres d'Ubos L3","ของอูโส L3"
2901,"偵察機Lv1",1085,0,0,"3/3/3/11/11/11",10,"Scout Machine L1","Machine Patrouille L1","정찰기1","侦察机L1","偵察機L1","Machine Patrouille L1","จักรกลสำรวจ ลูเบียน่า L1"
2902,"偵察機Lv2",1086,0,0,"3/3/3/11/11/11",10,"Scout Machine L2","Machine Patrouille L2","정찰기2","侦察机L2","偵察機L2","Machine Patrouille L2","จักรกลสำรวจ ลูเบียน่า L2"
2903,"偵察機Lv3",1087,0,0,"3/3/3/11/11/11",10,"Scout Machine L3","Machine Patrouille L3","정찰기3","侦察机L3","偵察機L3","Machine Patrouille L3","จักรกลสำรวจ ลูเบียน่า L3"
3001,"妖花Lv1",1088,0,0,"3/3/3/11/11/11",10,"Evil Reefs L1","Fleur Maléfique L1","요화1","妖花L1","妖花L1","Flower Demon L1","ภูตบุปผา L1"
3002,"妖花Lv2",1089,0,0,"3/3/3/11/11/11",10,"Evil Reefs L2","Fleur Maléfique L2","요화2","妖花L2","妖花L2","Flower Demon L2","ภูตบุปผา L2"
3003,"妖花Lv3",1090,0,0,"3/3/3/11/11/11",10,"Evil Reefs L3","Fleur Maléfique L3","요화3","妖花L3","妖花L3","Flower Demon L3","ภูตบุปผา L3"
3101,"白魔Lv1",1091,0,0,"3/3/3/11/11/11",10,"White People L1","Démon Blanc L1","백마1","白魔L1","白魔L1","White Mage L1","ปิศาจขาว L1"
3102,"白魔Lv2",1092,0,0,"3/3/3/11/11/11",10,"White People L2","Démon Blanc L2","백마2","白魔L2","白魔L2","White Mage L2","ปิศาจขาว L2"
3103,"白魔Lv3",1093,0,0,"3/3/3/11/11/11",10,"White People L3","Démon Blanc L3","백마3","白魔L3","白魔L3","White Mage L03","ปิศาจขาว L3"
3201,"ハーピーLv1",1094,0,0,"3/3/3/11/11/11",10,"Harpy L1","Harpie L1","하피1","哈耳庇厄L1","哈耳庇厄L1","Harpy L1","ฮาร์พี L1"
3202,"ハーピーLv2",1095,0,0,"3/3/3/11/11/11",10,"Harpy L2","Harpie L2","하피2","哈耳庇厄L2","哈耳庇厄L2","Harpy L2","ฮาร์พี L2"
3203,"ハーピーLv3",1096,0,0,"3/3/3/11/11/11",10,"Harpy L3","Harpie L3","하피3","哈耳庇厄L3","哈耳庇厄L3","Harpy L3","ฮาร์พี L3"
3301,"竜人Lv1",1097,0,0,"3/3/3/11/11/11",10,"Dragon's People L1","Peuple du Dragon L1","용인1","龙人L1","龍人L1","Dragonian L1","มนุษย์มังกร L1"
3302,"竜人Lv2",1098,0,0,"3/3/3/11/11/11",10,"Dragon's People L2","Peuple du Dragon L2","용인2","龙人L2","龍人L2","Dragonian L2","มนุษย์มังกร L2"
3303,"竜人Lv3",1099,0,0,"3/3/3/11/11/11",10,"Dragon's People L3","Peuple du Dragon L3","용인3","龙人L3","龍人L3","Dragonian L3","มนุษย์มังกร L3"
3401,"飛竜Lv1",1100,0,0,"3/3/3/11/11/11",10,"Wyvern L1","Wyvern L1","비룡1","飞龙L1","飛龍L1","Wyvern L1","ไวเวิร์น L1"
3402,"飛竜Lv2",1101,0,0,"3/3/3/11/11/11",10,"Wyvern L2","Wyvern L2","비룡2","飞龙L2","飛龍L2","Wyvern L2","ไวเวิร์น L2"
3403,"飛竜Lv3",1102,0,0,"3/3/3/11/11/11",10,"Wyvern L3","Wyvern L3","비룡3","飞龙L3","飛龍L3","Wyvern L3","ไวเวิร์น L3"
3501,"天使Lv1",1103,0,0,"3/3/11/11/35/35",10,"Angel L1","Ange L1","천사1","天使L1","天使 L1","Angel L1","ทูตสวรรค์ L1"
3502,"天使Lv2",1104,0,0,"3/3/11/11/35/35",10,"Angel L2","Ange L2","천사2","天使L2","天使 L2","Angel L2","ทูตสวรรค์ L2"
3503,"天使Lv3",1105,0,0,"3/3/11/11/35/35",10,"Angel L3","Ange L3","천사3","天使L3","天使 L3","Angel L3","ทูตสวรรค์ L3"
3601,"餓鬼Lv1",1106,0,0,"3/3/11/11/44/44",10,"Preta L1","Preta L1","아귀1","饿鬼L1","餓鬼 L1","Preta L1","เปรต L1"
3602,"餓鬼Lv2",1107,0,0,"3/3/11/11/44/44",10,"Preta L2","Preta L2","아귀2","饿鬼L2","餓鬼 L2","Preta L2","เปรต L2"
3603,"餓鬼Lv3",1108,0,0,"3/3/11/11/44/44",10,"Preta L3","Preta L3","아귀3","饿鬼L3","餓鬼 L3","Preta L3","เปรต L3"
3701,"掟の箱Lv1",1109,0,0,"22/22/22/23/23/23",10,"The Ark L1","Arche L1","규칙의 상자1","律法之箱L1","律法之箱 L1","The Ark L1","หีบแห่งกฎ L1"
3702,"掟の箱Lv2",1110,0,0,"22/22/22/23/23/23",10,"The Ark L2","Arche L2","규칙의 상자2","律法之箱L2","律法之箱 L2","The Ark L2","หีบแห่งกฎ L2"
3703,"掟の箱Lv3",1111,0,0,"22/22/22/23/23/23",10,"The Ark L3","Arche L3","규칙의 상자3","律法之箱L3","律法之箱 L3","The Ark L3","หีบแห่งกฎ L3"
3801,"死の歯車Lv1",1112,0,0,"22/22/22/23/23/23",10,"Gear of death L1","Roue de la Mort L1","죽음의 톱니바퀴1","死之齿轮L1","死之齒輪 L1","Gear of death L1","ฟันเฟืองแห่งความตาย L1"
3802,"死の歯車Lv2",1113,0,0,"22/22/22/23/23/23",10,"Gear of death L2","Roue de la Mort L2","죽음의 톱니바퀴2","死之齿轮L2","死之齒輪 L2","Gear of death L2","ฟันเฟืองแห่งความตาย L2"
3803,"死の歯車Lv3",1114,0,0,"22/22/22/23/23/23",10,"Gear of death L3","Roue de la Mort L3","죽음의 톱니바퀴3","死之齿轮L3","死之齒輪 L3","Gear of death L3","ฟันเฟืองแห่งความตาย L3"
3901,"イービルアイLv1",1115,0,0,"22/22/22/23/23/23",10,,"Evil Eye L1","이블아이1","邪恶之眼L1","邪惡之眼 L1","Evil Eye L1","อีวิลอาย L1"
3902,"イービルアイLv2",1116,0,0,"22/22/22/23/23/23",10,,"Evil Eye L2","이블아이2","邪恶之眼L2","邪惡之眼 L2","Evil Eye L2","อีวิลอาย L2"
3903,"イービルアイLv3",1117,0,0,"22/22/22/23/23/23",10,,"Evil Eye L3","이블아이3","邪恶之眼L3","邪惡之眼 L3","Evil Eye L3","อีวิลอาย L3"
4001,"母子像Lv1",1118,0,0,"22/22/22/23/23/23",10,,"Statue de pierre L1","모자상1","母子像L1","母子像 L1","Stone Idol L1","ปะติมากรรมหิน L1"
4002,"母子像Lv2",1119,0,0,"22/22/22/23/23/23",10,,"Statue de pierre L2","모자상2","母子像L2","母子像 L2","Stone Idol L2","ปะติมากรรมหิน L2"
4003,"母子像Lv3",1120,0,0,"22/22/22/23/23/23",10,,"Statue de pierre L3","모자상3","母子像L3","母子像 L3","Stone Idol L3","ปะติมากรรมหิน L3"
4101,"虚無Lv1",1121,0,0,"22/22/22/23/23/23",10,,"Zéro L1","허무1","虚无L1","虛無 L1","Void L1","สูญ L1"
4102,"虚無Lv2",1122,0,0,"22/22/22/23/23/23",10,,"Zéro L2","허무2","虚无L2","虛無 L2","Void L2","สูญ L2"
4103,"虚無Lv3",1123,0,0,"22/22/22/23/23/23",10,,"Zéro L3","허무3","虚无L3","虛無 L3","Void L3","สูญ L3"
4201,"聖女の猫Lv1",1124,0,0,"22/22/22/23/23/23",10,,"Chat de l'Avatar L1","성녀의 고양이1","圣女的猫L1","聖女的貓 L1","Avatar Cat L1","แมวจำแลง L1"
4202,"聖女の猫Lv2",1125,0,0,"22/22/22/23/23/23",10,,"Chat de l'Avatar L2","성녀의 고양이2","圣女的猫L2","聖女的貓 L2","Avatar Cat L2","แมวจำแลง L2"
4203,"聖女の猫Lv3",1126,0,0,"22/22/22/23/23/23",10,,"Chat de l'Avatar L3","성녀의 고양이3","圣女的猫L3","聖女的貓 L3","Avatar Cat L3","แมวจำแลง L3"
4301,"夢馬Lv1",1127,0,0,"22/22/22/23/23/23",10,,"Cheval des Enfers L1","몽마1","梦魇马L1","夢魘馬 L1","Ghostmare L1","อาชาแห่งฝัน L1"
4302,"夢馬Lv2",1128,0,0,"22/22/22/23/23/23",10,,"Cheval des Enfers L2","몽마2","梦魇马L2","夢魘馬 L2","Ghostmare L2","อาชาแห่งฝัน L2"
4303,"夢馬Lv3",1129,0,0,"22/22/22/23/23/23",10,,"Cheval des Enfers L3","몽마3","梦魇马L3","夢魘馬 L3","Ghostmare L3","อาชาแห่งฝัน L3"
4401,"リリスLv1",1130,0,0,"22/22/22/23/23/23",10,,"Lilith L1","릴리스1","莉莉丝L1","莉莉絲 L1","Lilith L1","ลิลิธ L1"
4402,"リリスLv2",1131,0,0,"22/22/22/23/23/23",10,,"Lilith L2","릴리스2","莉莉丝L2","莉莉絲 L2","Lilith L2","ลิลิธ L2"
4403,"リリスLv3",1132,0,0,"22/22/22/23/23/23",10,,"Lilith L3","릴리스3","莉莉丝L3","莉莉絲 L3","Lilith L3","ลิลิธ L3"
4501,"魂の器Lv1",1133,0,0,"22/22/22/23/23/23",10,,"Vase aux Âmes L1","영혼의 그릇1","灵魂容器L1","靈魂容器 L1","Soul Vessel L1","ภาชนะวิญญาณ L1"
4502,"魂の器Lv2",1134,0,0,"22/22/22/23/23/23",10,,"Vase aux Âmes L2","영혼의 그릇2","灵魂容器L2","靈魂容器 L2","Soul Vessel L2","ภาชนะวิญญาณ L2"
4503,"魂の器Lv3",1135,0,0,"22/22/22/23/23/23",10,,"Vase aux Âmes L3","영혼의 그릇3","灵魂容器L3","靈魂容器 L3","Soul Vessel L3","ภาชนะวิญญาณ L3"
10001,"The ShadowLand","1040+1041+1042",0,0,"33/16/46/33/38/43/33/38/43/33/38/43/16/33/43/33/38/33",10,"The ShadowLand","Terre de l'Ombre","The Shadowand","影之大陆","影之大陸","The ShadowLand","The ShadowLand"
10002,"荒野を駆けるもの","73+46",0,0,"22/22/22/22/11/11/11/11/11/37/37/37/43/43",10,"Run Through The Wilderness","Traversez La Nature","황야를 달리는 자","驰骋于荒野之人","馳騁於荒野之人","Run Through The Wilderness",
10003,"クレーニヒと夢魔","1041+56",0,0,"42/42/42/43/43/43/43/43/44/44/33/33/33/33",10,"monster","Trouvez Kronig","크레니히와 몽마","库勒尼西和恶魔","庫勒尼西和惡魔","monster",
10004,"盟友と番犬","3+16",0,0,"13/13/13/11/11/11/11/11/34/34/17/17/17/13/13/32",10,"A sworn friend and A military dog","Un ami juré et UN chien militaire","맹우와 번견","盟友和看门狗","盟友和看門狗","A sworn friend and A military dog",
10005,"盗賊王ジェッド","1030+66",0,0,"43/43/43/43/23/22/23/23/22/23/23/23/23/24/24/24",10,"The King of Slum","Le Roi de Quartier pauvre","도적왕 제드","盗贼王杰多","盜賊王傑多","The King of Slum",
10006,"査問審査官","95+85",0,0,"44/44/5/5/8/8/42/32/32/32/32/21/21/37/37/39/39",10,"An inquiry commission","Un ordre de l'enquête","협정심문관","审查官","審查官","An inquiry commission",
10007,"集結する戦士","6+26+36",0,0,"5/5/5/5/5/13/13/13/13/13/25/25/25/25/25",10,"Stalwart","Vigoureux","집결하는 전사","历战的勇士们","歷戰的勇士們","Stalwart",
10008,"影世界の大号令","1036+1039+1042",0,0,"38/38/38/8/8/40/40/33/33/11/34/33/11/11/11/23/23",10,"The Final Battle","La dernière Bataille","그림자 세계의 대호령","影世界的大决战1","影世界的大決戰1","The Final Battle",
10009,"The Shiny","1058+1059+1060",0,0,"18/18/18/18/22/22/22/22/22/22/22/22/23/23",10,"The Shiny","Le brillant","The Shiny","The Shiny","The Shiny","The Shiny","The Shiny"
10010,"The Dead Keeper","1061+1062+1063",0,0,"5/5/5/5/5/5/5/5/22/22/22/22/23/23/23",10,"The Dead Keeper","Le Keeper Morte","The Dead Keeper","The Dead Keeper","The Dead Keeper","The Dead Keeper","The Dead Keeper"
10011,"The MoonLand","1064+1065+1066",0,0,"33/8/46/8/38/43/33/38/43/33/38/43/8/8/43/33/38/33",10,"The MoonLand","La Terre Lune","The Moonand","The MoonLand","The MoonLand","The MoonLand","The MoonLand"
10012,"The MoonLand 2",20001,0,0,"40/40/34/34/34/34/34/36/36/46/46/38/38/38/24/24/21/21",10,"The MoonLand 2","La Terre Lune 2","The Moonand2","The MoonLand 2","The MoonLand 2","The MoonLand 2","The MoonLand 2"
10013,"The Spider","1067+1068+1069",0,0,"22/22/22/22/11/11/11/11/11/37/37/37/43/43",10,"The Spider","Le Spider","The Spider","The Spider","The Spider","The Spider","The Spider"
10014,"The Nightgaunt","1070+1071+1072",0,0,"5/5/5/5/5/13/13/13/13/13/25/25/25/25/25",10,"The Nightgaunt","Le Nightgaunt","The Nightgaunt","The Nightgaunt","The Nightgaunt","The Nightgaunt","The Nightgaunt"
10015,"人外の紅","1062+114+104",0,0,"22/22/22/22/11/11/11/11/11/37/37/37/43/43",10,"Deep Crimson","Cramoisi profond","세상 밖의 잇꽃","非人之红","非人之紅","Deep Crimson",
10016,"茨の師弟","125+5",0,0,"13/13/13/11/11/11/11/11/34/34/17/17/17/13/13/32",10,"The Carrier of Thorn","Le Porteur d'Épine","스승과 제자","茨的教师和学生","茨的教師和學生","The Carrier of Thorn",
10017,"畏怖の双子","125+135",0,0,"5/5/5/5/5/13/13/13/13/13/25/25/25/25/25",10,"Dreaded Twins","Jumeaux redoutés","공포의 쌍둥이","敬畏的双子","敬畏的雙子","Dreaded Twins",
10018,"盗賊王ジェッド2","1054+1071+65",0,0,"43/43/43/43/23/22/23/23/22/23/23/23/23/24/24/24",10,"The King of Slum 2","Le Roi de Quartier pauvre 2","도적왕 제드2","盗贼王杰多2","盜賊王傑多2","The King of Slum 2",
10019,"混沌の末裔","85+55+125",0,0,"44/44/5/5/8/8/42/32/32/32/32/21/21/37/37/39/39",10,"Soldiers of Chaos","Soldats de Chaos","혼돈의 후예","混沌的後裔","混沌的後裔","Soldiers of Chaos",
10020,"月世界の大号令","1069+1072+20001",0,0,"38/38/38/8/8/40/40/33/33/11/34/33/11/11/11/23/23",10,"The Battle Begins","La Bataille Commence","달빛 세계의 대호령","月世界的大决战1","月世界的大決戰1","The Battle Begins",
10021,"ウボス","1084+20002",0,0,"18/18/18/18/18/18/18/18/8/8/8/20/20/20/22/22/23/23",10,"Ubos","Ubos","우보스","乌波斯","烏波斯","Ubos",
10022,"飛竜王","1102+20003",0,0,"38/38/38/8/8/40/40/36/36/16/34/33/16/34/46/24/24/24",10,"The Lord of Wyvern","Le Seigneur de Wyvern","비룡왕","飞龙王","飛龍王","The Lord of Wyvern",
10023,"クランプス",20004,0,0,"35/35/35/35/35/35/35/35/35/36/36/36/36/36/36/36/36/36",10,"Cramps ","Cramps","크램프스","羊角兽","羊角獸","Cramps ","ซานต้าแห่งความมืด ครัมป์ส"
10024,"陰気な小人たち","1001+1002+1003",0,0,"3/3/3/11/11/11/22/22/22/22/22/23/8/16/34/19/19/19",10,"Spooky Dwarf","Nain lugubre L1","음침한 난쟁이들","阴险的侏儒","陰險的侏儒","Spooky Dwarf",
10025,"丘王","1002+1003+20005",0,0,"22/22/22/22/22/22/22/22/22/23/23/23/19/19/19/21/21/21",10,"King of Zwerge","Roi de Zwerge","언덕의 왕","丘王","丘王","King of Zwerge","ราชันย์คนแคระแห่งหุบเขา"
10026,"守護者アスタロト","1109+1109+20007",0,0,"22/22/22/22/22/22/22/22/22/23/23/23/3/3/3/62/62/62",10,"Astaroth","Astaroth","수호자 아스타로스","守护者亚斯塔禄","守護者亞斯塔祿","Astaroth","ผู้ปกป้อง แอสทาร็อธ"
10027,"氷魔ブレンダン","1119+1120+20008",0,0,"19/20/21/22/22/22/22/22/22/23/23/23/11/12/13/62/62/62",10,"Brendan","Brendan","빙마의 브렌든","冰魔布兰登","冰魔布蘭登","Brendan","ปิศาจน้ำแข็ง เบรนดัน"
10028,"守護者アスタロト",20007,0,0,"22/22/22/22/22/22/22/22/22/23/23/23/3/3/3/62/62/62",10,,"Astaroth","수호자 아스타로스","守护者亚斯塔禄","守護者亞斯塔祿","Astaroth","ผู้ปกป้อง แอสทาร็อธ"
10029,"氷魔ブレンダン",20008,0,0,"19/20/21/22/22/22/22/22/22/23/23/23/11/12/13/62/62/62",10,,"Brendan","빙마의 브렌든","冰魔布兰登","冰魔布蘭登","Brendan","ปิศาจน้ำแข็ง เบรนดัน"
10030,"リリス","1129+1133+1130",0,0,"3/3/3/3/3/3/11/11/11/11/11/11/28/28/28/23/23/23",10,,"Lilith","릴리스1","莉莉丝","莉莉絲","Lilith","ลิลิธ"
10031,"サッカバス","1130+1134+1131",0,0,"3/3/3/3/3/3/11/11/11/11/11/11/28/28/28/23/23/23",10,,"Succube","서큐버스","梦魔","夢魔","Succubus","ซัคคิวบัส"
10032,"メイヴ","1131+1135+1132",0,0,"3/3/3/3/3/3/11/11/11/11/11/11/28/28/28/23/23/23",10,,"Maeve","매브","梅博","梅博","Maeve","เมฟ"
10033,"アイザックL1",11,0,0,"3/3/3/11/11/11",10,,"Izac L1","아이자크1","艾依查库L1","艾依查庫L1","Izac L1","ไอแซ็ค L1"
10034,"アイザックL2",13,0,0,"3/3/3/11/11/11",10,,"Izac L2","아이자크2","艾依查库L2","艾依查庫L2","Izac L2","ไอแซ็ค L2"
10035,"アイザックL3",15,0,0,"3/3/3/11/11/11",10,,"Izac L3","아이자크3","艾依查库L3","艾依查庫L3","Izac L3","ไอแซ็ค L3"
10036,"ジェッドL1",61,0,0,"3/3/3/11/11/11",10,,"Jaed L1","제드1","杰多L1","傑多L1","Jaed L1","เจด L1"
10037,"ジェッドL2",63,0,0,"3/3/3/11/11/11",10,,"Jaed L2","제드2","杰多L2","傑多L2","Jaed L2","เจด L2"
10038,"ジェッドL3",65,0,0,"3/3/3/11/11/11",10,,"Jaed L3","제드3","杰多L3","傑多L3","Jaed L3","เจด L3"
10039,"サルガドL1",211,0,0,"3/3/3/11/11/11",10,,"Salgado L1","살가드1","萨尔卡多L1","薩爾卡多L1","Salgado L1","ซัลกาโด L1"
10040,"サルガドL2",213,0,0,"3/3/3/11/11/11",10,,"Salgado L2","살가드2","萨尔卡多L2","薩爾卡多L2","Salgado L2","ซัลกาโด L2"
10041,"サルガドL3",215,0,0,"3/3/3/11/11/11",10,,"Salgado L3","살가드3","萨尔卡多L3","薩爾卡多L3","Salgado L3","ซัลกาโด L3"
10042,"聖域の凱旋門","1126+20016",0,0,"61/61/61/61/61/61/62/62/62/62/62/62/22/22/22/22/22/22",10,,"Arche Sacrée","성역의 개선문","圣域的凯旋门","聖域的凱旋門","Sanctuary Arc","ประตูชัยแห่งแดนศักดิ์สิทธิ์"
10043,"大蛙達","1007+1008+1009",0,0,"3/3/3/11/11/11/22/22/22/22/22/22/22/22/22/22/22/22",10,,"Les Crapauds Géants","거대 개구리들","大蛙群","大蛙群","Giant Toads","กบยักษ์"
10044,"カエル王子","1007+1008+20006",0,0,"34/34/43/43/6/14/22/22/22/22/22/22/3/3/3/11/11/11",10,,"Prince Grenouille ","개구리 왕자","青蛙王子","青蛙王子","Prince Heinrich","ปิศาจผู้ถูกเลือก เจ้าชายกบ"
10045,"カエル王子Ex",20006,0,0,"27/27/27/27/27/27/27/27/27/27/27/27/27/27/27/27/27/27",10,,"Prince Grenouille Ex","개구리 왕자 Ex","青蛙王子Ex","青蛙王子Ex","Prince Heinrich Ex","ปิศาจผู้ถูกเลือก เจ้าชายกบ EX"
10046,"陸くらげ1",20019,0,0,"39/39/39/39/39/39/53/53/53/53/53/53/47/47/47/50/50/50",20,,"Méduse Terrestre 1","육지 해파리1","陆水母1","陸水母1",,"มารดาแห่งวารี 1"
10047,"陸くらげ2","20019+20019",0,0,"39/39/39/39/39/39/53/53/53/53/53/53/47/47/47/50/50/50",20,,"Méduse Terrestre 2","육지 해파리2","陆水母2","陸水母2",,"มารดาแห่งวารี 2"
10048,"陸くらげ3","20019+20019+20019",0,0,"39/39/39/39/39/39/53/53/53/53/53/53/47/47/47/50/50/50",20,,"Méduse Terrestre 3","육지 해파리3","陆水母3","陸水母3",,"มารดาแห่งวารี 3"
10049,"鬼火L3+陸くらげ","1012+20019",0,0,"39/39/39/39/39/39/53/53/53/53/53/53/47/47/47/50/50/50",20,,"Feufollet L1 + Méduse Terrestre","귀화L3+육지 해파리","鬼火L3+陆水母","鬼火L3+陸水母",,"ดวงไฟยักษ์ L3 + มารดาแห่งวารี"
10050,"飛竜Lv3+陸くらげ","1102+20019",0,0,"39/39/39/39/39/39/53/53/53/53/53/53/47/47/47/50/50/50",20,,"Wyvern Lv3 + Méduse Terrestre","비룡Lv3+육지 해파리","飞龙Lv3+陆水母","飛龍Lv3+陸水母",,"ไวเวิร์น Lv3 + มารดาแห่งวารี"
10051,"天使Lv1+陸くらげ","1103+20019",0,0,"39/39/39/39/39/39/53/53/53/53/53/53/47/47/47/50/50/50",20,,"Ange Lv1 + Méduse Terrestre","천사Lv1+육지 해파리","天使Lv1+陆水母","天使Lv1+陸水母",,"ทูตสวรรค์ Lv1 + มารดาแห่งวารี"
10052,"餓鬼Lv1+陸くらげ","1106+20019",0,0,"39/39/39/39/39/39/53/53/53/53/53/53/47/47/47/50/50/50",20,,"Preta Lv1 + Méduse Terrestre","아귀Lv1+육지 해파리","饿鬼Lv1+陆水母","餓鬼Lv1+陸水母",,"เปรต Lv1 + มารดาแห่งวารี"
10053,"イービルアイLv3+陸くらげ","1117+20019",0,0,"39/39/39/39/39/39/53/53/53/53/53/53/47/47/47/50/50/50",20,,"Evil Eye Lv3 + Méduse Terrestre","이블아이Lv3+육지 해파리","邪恶之眼Lv3+陆水母","邪惡之眼Lv3+陸水母",,"อีวิลอาย Lv3 + มารดาแห่งวารี"
10054,"虚無Lv3+陸くらげ","1123+20019",0,0,"39/39/39/39/39/39/53/53/53/53/53/53/47/47/47/50/50/50",20,,"Zéro Lv3 + Méduse Terrestre","허무Lv3+육지 해파리","虚无Lv3+陆水母","虛無Lv3+陸水母",,"สูญ Lv3 + มารดาแห่งวารี"
10055,"聖女の猫Lv3+陸くらげ","1126+20019",0,0,"39/39/39/39/39/39/53/53/53/53/53/53/47/47/47/50/50/50",20,,"Chat de l'Avatar Lv3 + Méduse Terrestre","성녀의 고양이Lv3+육지 해파리","圣女的猫Lv3+陆水母","聖女的貓Lv3+陸水母",,"แมวจำแลง Lv3 + มารดาแห่งวารี"
10056,"夢馬Lv3+陸くらげ","1129+20019",0,0,"39/39/39/39/39/39/53/53/53/53/53/53/47/47/47/50/50/50",20,,"Cheval des Enfers Lv3 + Méduse Terrestre","몽마Lv3+육지 해파리","梦魇马Lv3+陆水母","夢魘馬Lv3+陸水母",,"อาชาแห่งฝัน Lv3 + มารดาแห่งวารี"
10057,"氷魔ブレンダン+陸くらげ","20019+20008",0,0,"39/39/39/39/39/39/53/53/53/53/53/53/47/47/47/50/50/50",20,,"Brendan + Méduse Terrestre","빙마 브렌든+육지 해파리","冰魔布兰登+陆水母","冰魔布蘭登+陸水母",,"ปิศาจน้ำแข็ง เบรนดัน + มารดาแห่งวารี"
20001,"エヴァリストL1",1,0,0,"1/1/1/9/9/9",10,"Evarist L1","Evarist L1","에바리스트1","艾伯李斯特L1","艾伯李斯特L1","Evarist L1","เอวาริสท์ L1"
20002,"エヴァリストL2",2,0,0,"1/1/1/9/9/9",10,"Evarist L2","Evarist L2","에바리스트2","艾伯李斯特L2","艾伯李斯特L2","Evarist L2","เอวาริสท์ L2"
20003,"エヴァリストL3",3,0,0,"1/1/1/9/9/9",10,"Evarist L3","Evarist L3","에바리스트3","艾伯李斯特L3","艾伯李斯特L3","Evarist L3","เอวาริสท์ L3"
20004,"エヴァリストL4",4,0,0,"1/1/1/9/9/9",10,"Evarist L4","Evarist L4","에바리스트4","艾伯李斯特L4","艾伯李斯特L4","Evarist L4","เอวาริสท์ L4"
20005,"エヴァリストL5",5,0,0,"1/1/1/9/9/9",10,"Evarist L5","Evarist L5","에바리스트5","艾伯李斯特L5","艾伯李斯特L5","Evarist L5","เอวาริสท์ L5"
20006,"エヴァリストL6",6,0,0,"1/1/1/9/9/9",10,"Evarist L6","Evarist L6","에바리스트6","艾伯李斯特L6","艾伯李斯特L6","Evarist L6","เอวาริสท์ L6"
20007,"エヴァリストL7",7,0,0,"1/1/1/9/9/9",10,"Evarist L7","Evarist L7","에바리스트7","艾伯李斯特L7","艾伯李斯特L7","Evarist L7","เอวาริสท์ L7"
20008,"エヴァリストL8",8,0,0,"1/1/1/9/9/9",10,"Evarist L8","Evarist L8","에바리스트8","艾伯李斯特L8","艾伯李斯特L8","Evarist L8","เอวาริสท์ L8"
20009,"エヴァリストL9",9,0,0,"1/1/1/9/9/9",10,"Evarist L9","Evarist L9","에바리스트9","艾伯李斯特L9","艾伯李斯特L9","Evarist L9","เอวาริสท์ L9"
20010,"エヴァリストL10",10,0,0,"1/1/1/9/9/9",10,"Evarist L10","Evarist L10","에바리스트10","艾伯李斯特L10","艾伯李斯特L10","Evarist L10","เอวาริสท์ L10"
20011,"アイザックL1",11,0,0,"1/1/1/9/9/9",10,"Izac L1","Izac L1","아이자크1","艾依查库L1","艾依查庫L1","Izac L1","ไอแซ็ค L1"
20012,"アイザックL2",12,0,0,"1/1/1/9/9/9",10,"Izac L2","Izac L2","아이자크2","艾依查库L2","艾依查庫L2","Izac L2","ไอแซ็ค L2"
20013,"アイザックL3",13,0,0,"1/1/1/9/9/9",10,"Izac L3","Izac L3","아이자크3","艾依查库L3","艾依查庫L3","Izac L3","ไอแซ็ค L3"
20014,"アイザックL4",14,0,0,"1/1/1/9/9/9",10,"Izac L4","Izac L4","아이자크4","艾依查库L4","艾依查庫L4","Izac L4","ไอแซ็ค L4"
20015,"アイザックL5",15,0,0,"1/1/1/9/9/9",10,"Izac L5","Izac L5","아이자크5","艾依查库L5","艾依查庫L5","Izac L5","ไอแซ็ค L5"
20016,"アイザックL6",16,0,0,"1/1/1/9/9/9",10,"Izac L6","Izac L6","아이자크6","艾依查库L6","艾依查庫L6","Izac L6","ไอแซ็ค L6"
20017,"アイザックL7",17,0,0,"1/1/1/9/9/9",10,"Izac L7","Izac L7","아이자크7","艾依查库L7","艾依查庫L7","Izac L7","ไอแซ็ค L7"
20018,"アイザックL8",18,0,0,"1/1/1/9/9/9",10,"Izac L8","Izac L8","아이자크8","艾依查库L8","艾依查庫L8","Izac L8","ไอแซ็ค L8"
20019,"アイザックL9",19,0,0,"1/1/1/9/9/9",10,"Izac L9","Izac L9","아이자크9","艾依查库L9","艾依查庫L9","Izac L9","ไอแซ็ค L9"
20020,"アイザックL10",20,0,0,"1/1/1/9/9/9",10,"Izac L10","Izac L10","아이자크10","艾依查库L10","艾依查庫L10","Izac L10","ไอแซ็ค L10"
20021,"グリュンワルドL1",21,0,0,"1/1/1/9/9/9",10,"Grunwald L1","Grunwald L1","그룬왈드1","古鲁瓦尔多L1","古魯瓦爾多L1","Grunwald L1","กรุนวัลด์ L1"
20022,"グリュンワルドL2",22,0,0,"1/1/1/9/9/9",10,"Grunwald L2","Grunwald L2","그룬왈드2","古鲁瓦尔多L2","古魯瓦爾多L2","Grunwald L2","กรุนวัลด์ L2"
20023,"グリュンワルドL3",23,0,0,"1/1/1/9/9/9",10,"Grunwald L3","Grunwald L3","그룬왈드3","古鲁瓦尔多L3","古魯瓦爾多L3","Grunwald L3","กรุนวัลด์ L3"
20024,"グリュンワルドL4",24,0,0,"1/1/1/9/9/9",10,"Grunwald L4","Grunwald L4","그룬왈드4","古鲁瓦尔多L4","古魯瓦爾多L4","Grunwald L4","กรุนวัลด์ L4"
20025,"グリュンワルドL5",25,0,0,"1/1/1/9/9/9",10,"Grunwald L5","Grunwald L5","그룬왈드5","古鲁瓦尔多L5","古魯瓦爾多L5","Grunwald L5","กรุนวัลด์ L5"
20026,"グリュンワルドL6",26,0,0,"1/1/1/9/9/9",10,"Grunwald L6","Grunwald L6","그룬왈드6","古鲁瓦尔多L6","古魯瓦爾多L6","Grunwald L6","กรุนวัลด์ L6"
20027,"グリュンワルドL7",27,0,0,"1/1/1/9/9/9",10,"Grunwald L7","Grunwald L7","그룬왈드7","古鲁瓦尔多L7","古魯瓦爾多L7","Grunwald L7","กรุนวัลด์ L7"
20028,"グリュンワルドL8",28,0,0,"1/1/1/9/9/9",10,"Grunwald L8","Grunwald L8","그룬왈드8","古鲁瓦尔多L8","古魯瓦爾多L8","Grunwald L8","กรุนวัลด์ L8"
20029,"グリュンワルドL9",29,0,0,"1/1/1/9/9/9",10,"Grunwald L9","Grunwald L9","그룬왈드9","古鲁瓦尔多L9","古魯瓦爾多L9","Grunwald L9","กรุนวัลด์ L9"
20030,"グリュンワルドL10",30,0,0,"1/1/1/9/9/9",10,"Grunwald L10","Grunwald L10","그룬왈드10","古鲁瓦尔多L10","古魯瓦爾多L10","Grunwald L10","กรุนวัลด์ L10"
20031,"アベルL1",31,0,0,"1/1/1/9/9/9",10,"Abel L1","Abel L1","아벨1","阿贝尔L1","阿貝爾L1","Abel L1","อาเบล L1"
20032,"アベルL2",32,0,0,"1/1/1/9/9/9",10,"Abel L2","Abel L2","아벨2","阿贝尔L2","阿貝爾L2","Abel L2","อาเบล L2"
20033,"アベルL3",33,0,0,"1/1/1/9/9/9",10,"Abel L3","Abel L3","아벨3","阿贝尔L3","阿貝爾L3","Abel L3","อาเบล L3"
20034,"アベルL4",34,0,0,"1/1/1/9/9/9",10,"Abel L4","Abel L4","아벨4","阿贝尔L4","阿貝爾L4","Abel L4","อาเบล L4"
20035,"アベルL5",35,0,0,"1/1/1/9/9/9",10,"Abel L5","Abel L5","아벨5","阿贝尔L5","阿貝爾L5","Abel L5","อาเบล L5"
20036,"アベルL6",36,0,0,"1/1/1/9/9/9",10,"Abel L6","Abel L6","아벨6","阿贝尔L6","阿貝爾L6","Abel L6","อาเบล L6"
20037,"アベルL7",37,0,0,"1/1/1/9/9/9",10,"Abel L7","Abel L7","아벨7","阿贝尔L7","阿貝爾L7","Abel L7","อาเบล L7"
20038,"アベルL8",38,0,0,"1/1/1/9/9/9",10,"Abel L8","Abel L8","아벨8","阿贝尔L8","阿貝爾L8","Abel L8","อาเบล L8"
20039,"アベルL9",39,0,0,"1/1/1/9/9/9",10,"Abel L9","Abel L9","아벨9","阿贝尔L9","阿貝爾L9","Abel L9","อาเบล L9"
20040,"アベルL10",40,0,0,"1/1/1/9/9/9",10,"Abel L10","Abel L10","아벨10","阿贝尔L10","阿貝爾L10","Abel L10","อาเบล L10"
20041,"レオンL1",41,0,0,"1/1/1/9/9/9",10,"Leon L1","Leon L1","레온1","利恩L1","利恩L1","Leon L1","เลออน L1"
20042,"レオンL2",42,0,0,"1/1/1/9/9/9",10,"Leon L2","Leon L2","레온2","利恩L2","利恩L2","Leon L2","เลออน L2"
20043,"レオンL3",43,0,0,"1/1/1/9/9/9",10,"Leon L3","Leon L3","레온3","利恩L3","利恩L3","Leon L3","เลออน L3"
20044,"レオンL4",44,0,0,"1/1/1/9/9/9",10,"Leon L4","Leon L4","레온4","利恩L4","利恩L4","Leon L4","เลออน L4"
20045,"レオンL5",45,0,0,"1/1/1/9/9/9",10,"Leon L5","Leon L5","레온5","利恩L5","利恩L5","Leon L5","เลออน L5"
20046,"レオンL6",46,0,0,"1/1/1/9/9/9",10,"Leon L6","Leon L6","레온6","利恩L6","利恩L6","Leon L6","เลออน L6"
20047,"レオンL7",47,0,0,"1/1/1/9/9/9",10,"Leon L7","Leon L7","레온7","利恩L7","利恩L7","Leon L7","เลออน L7"
20048,"レオンL8",48,0,0,"1/1/1/9/9/9",10,"Leon L8","Leon L8","레온8","利恩L8","利恩L8","Leon L8","เลออน L8"
20049,"レオンL9",49,0,0,"1/1/1/9/9/9",10,"Leon L9","Leon L9","레온9","利恩L9","利恩L9","Leon L9","เลออน L9"
20050,"レオンL10",50,0,0,"1/1/1/9/9/9",10,"Leon L10","Leon L10","레온10","利恩L10","利恩L10","Leon L10","เลออน L10"
20051,"クレーニヒL1",51,0,0,"1/1/1/9/9/9",10,"Kronig L1","Kronig L1","크레니히1","库勒尼西L1","庫勒尼西L1","Kronig L1","โครนิก L1"
20052,"クレーニヒL2",52,0,0,"1/1/1/9/9/9",10,"Kronig L2","Kronig L2","크레니히2","库勒尼西L2","庫勒尼西L2","Kronig L2","โครนิก L2"
20053,"クレーニヒL3",53,0,0,"1/1/1/9/9/9",10,"Kronig L3","Kronig L3","크레니히3","库勒尼西L3","庫勒尼西L3","Kronig L3","โครนิก L3"
20054,"クレーニヒL4",54,0,0,"1/1/1/9/9/9",10,"Kronig L4","Kronig L4","크레니히4","库勒尼西L4","庫勒尼西L4","Kronig L4","โครนิก L4"
20055,"クレーニヒL5",55,0,0,"1/1/1/9/9/9",10,"Kronig L5","Kronig L5","크레니히5","库勒尼西L5","庫勒尼西L5","Kronig L5","โครนิก L5"
20056,"クレーニヒL6",56,0,0,"1/1/1/9/9/9",10,"Kronig L6","Kronig L6","크레니히6","库勒尼西L6","庫勒尼西L6","Kronig L6","โครนิก L6"
20057,"クレーニヒL7",57,0,0,"1/1/1/9/9/9",10,"Kronig L7","Kronig L7","크레니히7","库勒尼西L7","庫勒尼西L7","Kronig L7","โครนิก L7"
20058,"クレーニヒL8",58,0,0,"1/1/1/9/9/9",10,"Kronig L8","Kronig L8","크레니히8","库勒尼西L8","庫勒尼西L8","Kronig L8","โครนิก L8"
20059,"クレーニヒL9",59,0,0,"1/1/1/9/9/9",10,"Kronig L9","Kronig L9","크레니히9","库勒尼西L9","庫勒尼西L9","Kronig L9","โครนิก L9"
20060,"クレーニヒL10",60,0,0,"1/1/1/9/9/9",10,"Kronig L10","Kronig L10","크레니히10","库勒尼西L10","庫勒尼西L10","Kronig L10","โครนิก L10"
20061,"ジェッドL1",61,0,0,"1/1/1/9/9/9",10,"Jead L1","Jaed L1","제드1","杰多L1","傑多L1","Jead L1","เจด L1"
20062,"ジェッドL2",62,0,0,"1/1/1/9/9/9",10,"Jead L2","Jaed L2","제드2","杰多L2","傑多L2","Jead L2","เจด L2"
20063,"ジェッドL3",63,0,0,"1/1/1/9/9/9",10,"Jead L3","Jaed L3","제드3","杰多L3","傑多L3","Jead L3","เจด L3"
20064,"ジェッドL4",64,0,0,"1/1/1/9/9/9",10,"Jead L4","Jaed L4","제드4","杰多L4","傑多L4","Jead L4","เจด L4"
20065,"ジェッドL5",65,0,0,"1/1/1/9/9/9",10,"Jead L5","Jaed L5","제드5","杰多L5","傑多L5","Jead L5","เจด L5"
20066,"ジェッドL6",66,0,0,"1/1/1/9/9/9",10,"Jead L6","Jaed L6","제드6","杰多L6","傑多L6","Jead L6","เจด L6"
20067,"ジェッドL7",67,0,0,"1/1/1/9/9/9",10,"Jead L7","Jaed L7","제드7","杰多L7","傑多L7","Jead L7","เจด L7"
20068,"ジェッドL8",68,0,0,"1/1/1/9/9/9",10,"Jead L8","Jaed L8","제드8","杰多L8","傑多L8","Jead L8","เจด L8"
20069,"ジェッドL9",69,0,0,"1/1/1/9/9/9",10,"Jead L9","Jaed L9","제드9","杰多L9","傑多L9","Jead L9","เจด L9"
20070,"ジェッドL10",70,0,0,"1/1/1/9/9/9",10,"Jead L10","Jaed L10","제드10","杰多L10","傑多L10","Jead L10","เจด L10"
20071,"アーチボルトL1",71,0,0,"1/1/1/9/9/9",10,"Archibald L1","Archibald L1","아치볼드1","阿奇波尔多L1","阿奇波爾多L1","Archibald L1","อาร์ชิบัลท์ L1"
20072,"アーチボルトL2",72,0,0,"1/1/1/9/9/9",10,"Archibald L2","Archibald L2","아치볼드2","阿奇波尔多L2","阿奇波爾多L2","Archibald L2","อาร์ชิบัลท์ L2"
20073,"アーチボルトL3",73,0,0,"1/1/1/9/9/9",10,"Archibald L3","Archibald L3","아치볼드3","阿奇波尔多L3","阿奇波爾多L3","Archibald L3","อาร์ชิบัลท์ L3"
20074,"アーチボルトL4",74,0,0,"1/1/1/9/9/9",10,"Archibald L4","Archibald L4","아치볼드4","阿奇波尔多L4","阿奇波爾多L4","Archibald L4","อาร์ชิบัลท์ L4"
20075,"アーチボルトL5",75,0,0,"1/1/1/9/9/9",10,"Archibald L5","Archibald L5","아치볼드5","阿奇波尔多L5","阿奇波爾多L5","Archibald L5","อาร์ชิบัลท์ L5"
20076,"アーチボルトL6",76,0,0,"1/1/1/9/9/9",10,"Archibald L6","Archibald L6","아치볼드6","阿奇波尔多L6","阿奇波爾多L6","Archibald L6","อาร์ชิบัลท์ L6"
20077,"アーチボルトL7",77,0,0,"1/1/1/9/9/9",10,"Archibald L7","Archibald L7","아치볼드7","阿奇波尔多L7","阿奇波爾多L7","Archibald L7","อาร์ชิบัลท์ L7"
20078,"アーチボルトL8",78,0,0,"1/1/1/9/9/9",10,"Archibald L8","Archibald L8","아치볼드8","阿奇波尔多L8","阿奇波爾多L8","Archibald L8","อาร์ชิบัลท์ L8"
20079,"アーチボルトL9",79,0,0,"1/1/1/9/9/9",10,"Archibald L9","Archibald L9","아치볼드9","阿奇波尔多L9","阿奇波爾多L9","Archibald L9","อาร์ชิบัลท์ L9"
20080,"アーチボルトL10",80,0,0,"1/1/1/9/9/9",10,"Archibald L10","Archibald L10","아치볼드10","阿奇波尔多L10","阿奇波爾多L10","Archibald L10","อาร์ชิบัลท์ L10"
20081,"マックスL1",81,0,0,"1/1/1/9/9/9",10,"Max L1","Max L1","맥스1","马库斯L1","馬庫斯L1","Max L1","แม็กซ์ L1"
20082,"マックスL2",82,0,0,"1/1/1/9/9/9",10,"Max L2","Max L2","맥스2","马库斯L2","馬庫斯L2","Max L2","แม็กซ์ L2"
20083,"マックスL3",83,0,0,"1/1/1/9/9/9",10,"Max L3","Max L3","맥스3","马库斯L3","馬庫斯L3","Max L3","แม็กซ์ L3"
20084,"マックスL4",84,0,0,"1/1/1/9/9/9",10,"Max L4","Max L4","맥스4","马库斯L4","馬庫斯L4","Max L4","แม็กซ์ L4"
20085,"マックスL5",85,0,0,"1/1/1/9/9/9",10,"Max L5","Max L5","맥스5","马库斯L5","馬庫斯L5","Max L5","แม็กซ์ L5"
20086,"マックスL6",86,0,0,"1/1/1/9/9/9",10,"Max L6","Max L6","맥스6","马库斯L6","馬庫斯L6","Max L6","แม็กซ์ L6"
20087,"マックスL7",87,0,0,"1/1/1/9/9/9",10,"Max L7","Max L7","맥스7","马库斯L7","馬庫斯L7","Max L7","แม็กซ์ L7"
20088,"マックスL8",88,0,0,"1/1/1/9/9/9",10,"Max L8","Max L8","맥스8","马库斯L8","馬庫斯L8","Max L8","แม็กซ์ L8"
20089,"マックスL9",89,0,0,"1/1/1/9/9/9",10,"Max L9","Max L9","맥스9","马库斯L9","馬庫斯L9","Max L9","แม็กซ์ L9"
20090,"マックスL10",90,0,0,"1/1/1/9/9/9",10,"Max L10","Max L10","맥스10","马库斯L10","馬庫斯L10","Max L10","แม็กซ์ L10"
20091,"ブレイズL1",91,0,0,"1/1/1/9/9/9",10,"Blaise L1","Blaise L1","브레이즈1","布列依斯L1","布列依斯L1","Blaise L1","เบลซ L1"
20092,"ブレイズL2",92,0,0,"1/1/1/9/9/9",10,"Blaise L2","Blaise L2","브레이즈2","布列依斯L2","布列依斯L2","Blaise L2","เบลซ L2"
20093,"ブレイズL3",93,0,0,"1/1/1/9/9/9",10,"Blaise L3","Blaise L3","브레이즈3","布列依斯L3","布列依斯L3","Blaise L3","เบลซ L3"
20094,"ブレイズL4",94,0,0,"1/1/1/9/9/9",10,"Blaise L4","Blaise L4","브레이즈4","布列依斯L4","布列依斯L4","Blaise L4","เบลซ L4"
20095,"ブレイズL5",95,0,0,"1/1/1/9/9/9",10,"Blaise L5","Blaise L5","브레이즈5","布列依斯L5","布列依斯L5","Blaise L5","เบลซ L5"
20096,"ブレイズL6",96,0,0,"1/1/1/9/9/9",10,"Blaise L6","Blaise L6","브레이즈6","布列依斯L6","布列依斯L6","Blaise L6","เบลซ L6"
20097,"ブレイズL7",97,0,0,"1/1/1/9/9/9",10,"Blaise L7","Blaise L7","브레이즈7","布列依斯L7","布列依斯L7","Blaise L7","เบลซ L7"
20098,"ブレイズL8",98,0,0,"1/1/1/9/9/9",10,"Blaise L8","Blaise L8","브레이즈8","布列依斯L8","布列依斯L8","Blaise L8","เบลซ L8"
20099,"ブレイズL9",99,0,0,"1/1/1/9/9/9",10,"Blaise L9","Blaise L9","브레이즈9","布列依斯L9","布列依斯L9","Blaise L9","เบลซ L9"
20100,"ブレイズL10",100,0,0,"1/1/1/9/9/9",10,"Blaise L10","Blaise L10","브레이즈10","布列依斯L10","布列依斯L10","Blaise L10","เบลซ L10"
20101,"シェリL1",101,0,0,"1/1/1/9/9/9",10,"Sheri L1","Sherie L1","쉐리1","雪莉L1","雪莉L1","Sheri L1","เชรี L1"
20102,"シェリL2",102,0,0,"1/1/1/9/9/9",10,"Sheri L2","Sherie L2","쉐리2","雪莉L2","雪莉L2","Sheri L2","เชรี L2"
20103,"シェリL3",103,0,0,"1/1/1/9/9/9",10,"Sheri L3","Sherie L3","쉐리3","雪莉L3","雪莉L3","Sheri L3","เชรี L3"
20104,"シェリL4",104,0,0,"1/1/1/9/9/9",10,"Sheri L4","Sherie L4","쉐리4","雪莉L4","雪莉L4","Sheri L4","เชรี L4"
20105,"シェリL5",105,0,0,"1/1/1/9/9/9",10,"Sheri L5","Sherie L5","쉐리5","雪莉L5","雪莉L5","Sheri L5","เชรี L5"
20106,"シェリL6",106,0,0,"1/1/1/9/9/9",10,"Sheri L6","Sherie L6","쉐리6","雪莉L6","雪莉L6","Sheri L6","เชรี L6"
20107,"シェリL7",107,0,0,"1/1/1/9/9/9",10,"Sheri L7","Sherie L7","쉐리7","雪莉L7","雪莉L7","Sheri L7","เชรี L7"
20108,"シェリL8",108,0,0,"1/1/1/9/9/9",10,"Sheri L8","Sherie L8","쉐리8","雪莉L8","雪莉L8","Sheri L8","เชรี L8"
20109,"シェリL9",109,0,0,"1/1/1/9/9/9",10,"Sheri L9","Sherie L9","쉐리9","雪莉L9","雪莉L9","Sheri L9","เชรี L9"
20110,"シェリL10",110,0,0,"1/1/1/9/9/9",10,"Sheri L10","Sherie L10","쉐리10","雪莉L10","雪莉L10","Sheri L10","เชรี L10"
20111,"アインL1",111,0,0,"1/1/1/9/9/9",10,"Ayn L1","Ayn L1","아인1","艾茵L1","艾茵L1","Ayn L1","ไอน์ L1"
20112,"アインL2",112,0,0,"1/1/1/9/9/9",10,"Ayn L2","Ayn L2","아인2","艾茵L2","艾茵L2","Ayn L2","ไอน์ L2"
20113,"アインL3",113,0,0,"1/1/1/9/9/9",10,"Ayn L3","Ayn L3","아인3","艾茵L3","艾茵L3","Ayn L3","ไอน์ L3"
20114,"アインL4",114,0,0,"1/1/1/9/9/9",10,"Ayn L4","Ayn L4","아인4","艾茵L4","艾茵L4","Ayn L4","ไอน์ L4"
20115,"アインL5",115,0,0,"1/1/1/9/9/9",10,"Ayn L5","Ayn L5","아인5","艾茵L5","艾茵L5","Ayn L5","ไอน์ L5"
20116,"アインL6",116,0,0,"1/1/1/9/9/9",10,"Ayn L6","Ayn L6","아인6","艾茵L6","艾茵L6","Ayn L6","ไอน์ L6"
20117,"アインL7",117,0,0,"1/1/1/9/9/9",10,"Ayn L7","Ayn L7","아인7","艾茵L7","艾茵L7","Ayn L7","ไอน์ L7"
20118,"アインL8",118,0,0,"1/1/1/9/9/9",10,"Ayn L8","Ayn L8","아인8","艾茵L8","艾茵L8","Ayn L8","ไอน์ L8"
20119,"アインL9",119,0,0,"1/1/1/9/9/9",10,"Ayn L9","Ayn L9","아인9","艾茵L9","艾茵L9","Ayn L9","ไอน์ L9"
20120,"アインL10",120,0,0,"1/1/1/9/9/9",10,"Ayn L10","Ayn L10","아인10","艾茵L10","艾茵L10","Ayn L10","ไอน์ L10"
20121,"ベルンハルトL1",121,0,0,"1/1/1/9/9/9",10,"Bernhard L1","Bernhard L1","베른하드1","伯恩哈德L1","伯恩哈德L1","Bernhard L1","เบิร์นฮาร์ท L1"
20122,"ベルンハルトL2",122,0,0,"1/1/1/9/9/9",10,"Bernhard L2","Bernhard L2","베른하드2","伯恩哈德L2","伯恩哈德L2","Bernhard L2","เบิร์นฮาร์ท L2"
20123,"ベルンハルトL3",123,0,0,"1/1/1/9/9/9",10,"Bernhard L3","Bernhard L3","베른하드3","伯恩哈德L3","伯恩哈德L3","Bernhard L3","เบิร์นฮาร์ท L3"
20124,"ベルンハルトL4",124,0,0,"1/1/1/9/9/9",10,"Bernhard L4","Bernhard L4","베른하드4","伯恩哈德L4","伯恩哈德L4","Bernhard L4","เบิร์นฮาร์ท L4"
20125,"ベルンハルトL5",125,0,0,"1/1/1/9/9/9",10,"Bernhard L5","Bernhard L5","베른하드5","伯恩哈德L5","伯恩哈德L5","Bernhard L5","เบิร์นฮาร์ท L5"
20126,"ベルンハルトL6",126,0,0,"1/1/1/9/9/9",10,"Bernhard L6","Bernhard L6","베른하드6","伯恩哈德L6","伯恩哈德L6","Bernhard L6","เบิร์นฮาร์ท L6"
20127,"ベルンハルトL7",127,0,0,"1/1/1/9/9/9",10,"Bernhard L7","Bernhard L7","베른하드7","伯恩哈德L7","伯恩哈德L7","Bernhard L7","เบิร์นฮาร์ท L7"
20128,"ベルンハルトL8",128,0,0,"1/1/1/9/9/9",10,"Bernhard L8","Bernhard L8","베른하드8","伯恩哈德L8","伯恩哈德L8","Bernhard L8","เบิร์นฮาร์ท L8"
20129,"ベルンハルトL9",129,0,0,"1/1/1/9/9/9",10,"Bernhard L9","Bernhard L9","베른하드8","伯恩哈德L9","伯恩哈德L9","Bernhard L9","เบิร์นฮาร์ท L9"
20130,"ベルンハルトL10",130,0,0,"1/1/1/9/9/9",10,"Bernhard L10","Bernhard L10","베른하드10","伯恩哈德L10","伯恩哈德L10","Bernhard L10","เบิร์นฮาร์ท L10"
20131,"フリードリヒL1",131,0,0,"1/1/1/9/9/9",10,"Friedrich L1","Friedrich L1","프리드리히1","弗雷特里西L1","弗雷特里西L1","Friedrich L1","ฟรีดริช L1"
20132,"フリードリヒL2",132,0,0,"1/1/1/9/9/9",10,"Friedrich L2","Friedrich L2","프리드리히2","弗雷特里西L2","弗雷特里西L2","Friedrich L2","ฟรีดริช L2"
20133,"フリードリヒL3",133,0,0,"1/1/1/9/9/9",10,"Friedrich L3","Friedrich L3","프리드리히3","弗雷特里西L3","弗雷特里西L3","Friedrich L3","ฟรีดริช L3"
20134,"フリードリヒL4",134,0,0,"1/1/1/9/9/9",10,"Friedrich L4","Friedrich L4","프리드리히4","弗雷特里西L4","弗雷特里西L4","Friedrich L4","ฟรีดริช L4"
20135,"フリードリヒL5",135,0,0,"1/1/1/9/9/9",10,"Friedrich L5","Friedrich L5","프리드리히5","弗雷特里西L5","弗雷特里西L5","Friedrich L5","ฟรีดริช L5"
20136,"フリードリヒL6",136,0,0,"1/1/1/9/9/9",10,"Friedrich L6","Friedrich L6","프리드리히6","弗雷特里西L6","弗雷特里西L6","Friedrich L6","ฟรีดริช L6"
20137,"フリードリヒL7",137,0,0,"1/1/1/9/9/9",10,"Friedrich L7","Friedrich L7","프리드리히7","弗雷特里西L7","弗雷特里西L7","Friedrich L7","ฟรีดริช L7"
20138,"フリードリヒL8",138,0,0,"1/1/1/9/9/9",10,"Friedrich L8","Friedrich L8","프리드리히8","弗雷特里西L8","弗雷特里西L8","Friedrich L8","ฟรีดริช L8"
20139,"フリードリヒL9",139,0,0,"1/1/1/9/9/9",10,"Friedrich L9","Friedrich L9","프리드리히9","弗雷特里西L9","弗雷特里西L9","Friedrich L9","ฟรีดริช L9"
20140,"フリードリヒL10",140,0,0,"1/1/1/9/9/9",10,"Friedrich L10","Friedrich L10","프리드리히10","弗雷特里西L10","弗雷特里西L10","Friedrich L10","ฟรีดริช L10"
20141,"マルグリッドL1",141,0,0,"1/1/1/9/9/9",10,"Marguerite L1","Marguerite L1","마르그리드1","玛格莉特L1","瑪格莉特L1","Marguerite L1","มาร์กรีต L1"
20142,"マルグリッドL2",142,0,0,"1/1/1/9/9/9",10,"Marguerite L2","Marguerite L2","마르그리드2","玛格莉特L2","瑪格莉特L2","Marguerite L2","มาร์กรีต L2"
20143,"マルグリッドL3",143,0,0,"1/1/1/9/9/9",10,"Marguerite L3","Marguerite L3","마르그리드3","玛格莉特L3","瑪格莉特L3","Marguerite L3","มาร์กรีต L3"
20144,"マルグリッドL4",144,0,0,"1/1/1/9/9/9",10,"Marguerite L4","Marguerite L4","마르그리드4","玛格莉特L4","瑪格莉特L4","Marguerite L4","มาร์กรีต L4"
20145,"マルグリッドL5",145,0,0,"1/1/1/9/9/9",10,"Marguerite L5","Marguerite L5","마르그리드5","玛格莉特L5","瑪格莉特L5","Marguerite L5","มาร์กรีต L5"
20146,"マルグリッドL6",146,0,0,"1/1/1/9/9/9",10,"Marguerite L6","Marguerite L6","마르그리드6","玛格莉特L6","瑪格莉特L6","Marguerite L6","มาร์กรีต L6"
20147,"マルグリッドL7",147,0,0,"1/1/1/9/9/9",10,"Marguerite L7","Marguerite L7","마르그리드7","玛格莉特L7","瑪格莉特L7","Marguerite L7","มาร์กรีต L7"
20148,"マルグリッドL8",148,0,0,"1/1/1/9/9/9",10,"Marguerite L8","Marguerite L8","마르그리드8","玛格莉特L8","瑪格莉特L8","Marguerite L8","มาร์กรีต L8"
20149,"マルグリッドL9",149,0,0,"1/1/1/9/9/9",10,"Marguerite L9","Marguerite L9","마르그리드9","玛格莉特L9","瑪格莉特L9","Marguerite L9","มาร์กรีต L9"
20150,"マルグリッドL10",150,0,0,"1/1/1/9/9/9",10,"Marguerite L10","Marguerite L10","마르그리드10","玛格莉特L10","瑪格莉特L10","Marguerite L10","มาร์กรีต L10"
20151,"ドニタL1",151,0,0,"1/1/1/9/9/9",10,"Donita L1","Donita L1","도니타1","多妮坦L1","多妮坦L1","Donita L1","โดนิต้า L1"
20152,"ドニタL2",152,0,0,"1/1/1/9/9/9",10,"Donita L2","Donita L2","도니타2","多妮坦L2","多妮坦L2","Donita L2","โดนิต้า L2"
20153,"ドニタL3",153,0,0,"1/1/1/9/9/9",10,"Donita L3","Donita L3","도니타3","多妮坦L3","多妮坦L3","Donita L3","โดนิต้า L3"
20154,"ドニタL4",154,0,0,"1/1/1/9/9/9",10,"Donita L4","Donita L4","도니타4","多妮坦L4","多妮坦L4","Donita L4","โดนิต้า L4"
20155,"ドニタL5",155,0,0,"1/1/1/9/9/9",10,"Donita L5","Donita L5","도니타5","多妮坦L5","多妮坦L5","Donita L5","โดนิต้า L5"
20156,"ドニタL6",156,0,0,"1/1/1/9/9/9",10,"Donita L6","Donita L6","도니타6","多妮坦L6","多妮坦L6","Donita L6","โดนิต้า L6"
20157,"ドニタL7",157,0,0,"1/1/1/9/9/9",10,"Donita L7","Donita L7","도니타7","多妮坦L7","多妮坦L7","Donita L7","โดนิต้า L7"
20158,"ドニタL8",158,0,0,"1/1/1/9/9/9",10,"Donita L8","Donita L8","도니타8","多妮坦L8","多妮坦L8","Donita L8","โดนิต้า L8"
20159,"ドニタL9",159,0,0,"1/1/1/9/9/9",10,"Donita L9","Donita L9","도니타9","多妮坦L9","多妮坦L9","Donita L9","โดนิต้า L9"
20160,"ドニタL10",160,0,0,"1/1/1/9/9/9",10,"Donita L10","Donita L10","도니타10","多妮坦L10","多妮坦L10","Donita L10","โดนิต้า L10"
20161,"スプラートL1",161,0,0,"1/1/1/9/9/9",10,"Sprout L1","Sprout L1","스프라우트1","史普拉多L1","史普拉多L1","Sprout L1","สเปราท์ L1"
20162,"スプラートL2",162,0,0,"1/1/1/9/9/9",10,"Sprout L2","Sprout L2","스프라우트2","史普拉多L2","史普拉多L2","Sprout L2","สเปราท์ L2"
20163,"スプラートL3",163,0,0,"1/1/1/9/9/9",10,"Sprout L3","Sprout L3","스프라우트3","史普拉多L3","史普拉多L3","Sprout L3","สเปราท์ L3"
20164,"スプラートL4",164,0,0,"1/1/1/9/9/9",10,"Sprout L4","Sprout L4","스프라우트4","史普拉多L4","史普拉多L4","Sprout L4","สเปราท์ L4"
20165,"スプラートL5",165,0,0,"1/1/1/9/9/9",10,"Sprout L5","Sprout L5","스프라우트5","史普拉多L5","史普拉多L5","Sprout L5","สเปราท์ L5"
20166,"スプラートL6",166,0,0,"1/1/1/9/9/9",10,"Sprout L6","Sprout L6","스프라우트6","史普拉多L6","史普拉多L6","Sprout L6","สเปราท์ L6"
20167,"スプラートL7",167,0,0,"1/1/1/9/9/9",10,"Sprout L7","Sprout L7","스프라우트7","史普拉多L7","史普拉多L7","Sprout L7","สเปราท์ L7"
20168,"スプラートL8",168,0,0,"1/1/1/9/9/9",10,"Sprout L8","Sprout L8","스프라우트8","史普拉多L8","史普拉多L8","Sprout L8","สเปราท์ L8"
20169,"スプラートL9",169,0,0,"1/1/1/9/9/9",10,"Sprout L9","Sprout L9","스프라우트9","史普拉多L9","史普拉多L9","Sprout L9","สเปราท์ L9"
20170,"スプラートL10",170,0,0,"1/1/1/9/9/9",10,"Sprout L10","Sprout L10","스프라우트10","史普拉多L10","史普拉多L10","Sprout L10","สเปราท์ L10"
20171,"ベリンダL1",171,0,0,"1/1/1/9/9/9",10,"Belinda L1","Belinda L1","벨린다1","贝琳达L1","貝琳達L1","Belinda L1","เบลินดา L1"
20172,"ベリンダL2",172,0,0,"1/1/1/9/9/9",10,"Belinda L2","Belinda L2","벨린다2","贝琳达L2","貝琳達L2","Belinda L2","เบลินดา L2"
20173,"ベリンダL3",173,0,0,"1/1/1/9/9/9",10,"Belinda L3","Belinda L3","벨린다3","贝琳达L3","貝琳達L3","Belinda L3","เบลินดา L3"
20174,"ベリンダL4",174,0,0,"1/1/1/9/9/9",10,"Belinda L4","Belinda L4","벨린다4","贝琳达L4","貝琳達L4","Belinda L4","เบลินดา L4"
20175,"ベリンダL5",175,0,0,"1/1/1/9/9/9",10,"Belinda L5","Belinda L5","벨린다5","贝琳达L5","貝琳達L5","Belinda L5","เบลินดา L5"
20176,"ベリンダL6",176,0,0,"1/1/1/9/9/9",10,"Belinda L6","Belinda L6","벨린다6","贝琳达L6","貝琳達L6","Belinda L6","เบลินดา L6"
20177,"ベリンダL7",177,0,0,"1/1/1/9/9/9",10,"Belinda L7","Belinda L7","벨린다7","贝琳达L7","貝琳達L7","Belinda L7","เบลินดา L7"
20178,"ベリンダL8",178,0,0,"1/1/1/9/9/9",10,"Belinda L8","Belinda L8","벨린다8","贝琳达L8","貝琳達L8","Belinda L8","เบลินดา L8"
20179,"ベリンダL9",179,0,0,"1/1/1/9/9/9",10,"Belinda L9","Belinda L9","벨린다9","贝琳达L9","貝琳達L9","Belinda L9","เบลินดา L9"
20180,"ベリンダL10",180,0,0,"1/1/1/9/9/9",10,"Belinda L10","Belinda L10","벨린다10","贝琳达L10","貝琳達L10","Belinda L10","เบลินดา L10"
20181,"ロッソL1",181,0,0,"1/1/1/9/9/9",10,"Rosso L1","Rosso L1","로쏘1","罗索L1","羅索L1","Rosso L1","รอสโซ่ L1"
20182,"ロッソL2",182,0,0,"1/1/1/9/9/9",10,"Rosso L2","Rosso L2","로쏘2","罗索L2","羅索L2","Rosso L2","รอสโซ่ L2"
20183,"ロッソL3",183,0,0,"1/1/1/9/9/9",10,"Rosso L3","Rosso L3","로쏘3","罗索L3","羅索L3","Rosso L3","รอสโซ่ L3"
20184,"ロッソL4",184,0,0,"1/1/1/9/9/9",10,"Rosso L4","Rosso L4","로쏘4","罗索L4","羅索L4","Rosso L4","รอสโซ่ L4"
20185,"ロッソL5",185,0,0,"1/1/1/9/9/9",10,"Rosso L5","Rosso L5","로쏘5","罗索L5","羅索L5","Rosso L5","รอสโซ่ L5"
20186,"ロッソL6",186,0,0,"1/1/1/9/9/9",10,"Rosso L6","Rosso L6","로쏘6","罗索L6","羅索L6","Rosso L6","รอสโซ่ L6"
20187,"ロッソL7",187,0,0,"1/1/1/9/9/9",10,"Rosso L7","Rosso L7","로쏘7","罗索L7","羅索L7","Rosso L7","รอสโซ่ L7"
20188,"ロッソL8",188,0,0,"1/1/1/9/9/9",10,"Rosso L8","Rosso L8","로쏘8","罗索L8","羅索L8","Rosso L8","รอสโซ่ L8"
20189,"ロッソL9",189,0,0,"1/1/1/9/9/9",10,"Rosso L9","Rosso L9","로쏘9","罗索L9","羅索L9","Rosso L9","รอสโซ่ L9"
20190,"ロッソL10",190,0,0,"1/1/1/9/9/9",10,"Rosso L10","Rosso L10","로쏘10","罗索L10","羅索L10","Rosso L10","รอสโซ่ L10"
20191,"エイダL1",191,0,0,"3/3/3/11/11/11",10,"Ada L1","Ada L1","에이다1","艾妲L1","艾妲L1","Ada L1","เอด้า L1"
20192,"エイダL2",192,0,0,"3/3/3/11/11/11",10,"Ada L2","Ada L2","에이다2","艾妲L2","艾妲L2","Ada L2","เอด้า L2"
20193,"エイダL3",193,0,0,"3/3/3/11/11/11",10,"Ada L3","Ada L3","에이다3","艾妲L3","艾妲L3","Ada L3","เอด้า L3"
20194,"エイダL4",194,0,0,"3/3/3/11/11/11",10,"Ada L4","Ada L4","에이다4","艾妲L4","艾妲L4","Ada L4","เอด้า L4"
20195,"エイダL5",195,0,0,"3/3/3/11/11/11",10,"Ada L5","Ada L5","에이다5","艾妲L5","艾妲L5","Ada L5","เอด้า L5"
20196,"エイダL6",196,0,0,"3/3/3/11/11/11",10,"Ada L6","Ada L6","에이다6","艾妲L6","艾妲L6","Ada L6","เอด้า L6"
20197,"エイダL7",197,0,0,"3/3/3/11/11/11",10,"Ada L7","Ada L7","에이다7","艾妲L7","艾妲L7","Ada L7","เอด้า L7"
20198,"エイダL8",198,0,0,"3/3/3/11/11/11",10,"Ada L8","Ada L8","에이다8","艾妲L8","艾妲L8","Ada L8","เอด้า L8"
20199,"エイダL9",199,0,0,"3/3/3/11/11/11",10,"Ada L9","Ada L9","에이다9","艾妲L9","艾妲L9","Ada L9","เอด้า L9"
20200,"エイダL10",200,0,0,"3/3/3/11/11/11",10,"Ada L10","Ada L10","에이다10","艾妲L10","艾妲L10","Ada L10","เอด้า L10"
20201,"メレンL1",201,0,0,"1/1/1/9/9/9",10,"Meren L1","Melen L1","메렌1","梅伦L1","梅倫L1","Meren L1","เมเลน L1"
20202,"メレンL2",202,0,0,"1/1/1/9/9/9",10,"Meren L2","Melen L2","메렌2","梅伦L2","梅倫L2","Meren L2","เมเลน L2"
20203,"メレンL3",203,0,0,"1/1/1/9/9/9",10,"Meren L3","Melen L3","메렌3","梅伦L3","梅倫L3","Meren L3","เมเลน L3"
20204,"メレンL4",204,0,0,"1/1/1/9/9/9",10,"Meren L4","Melen L4","메렌4","梅伦L4","梅倫L4","Meren L4","เมเลน L4"
20205,"メレンL5",205,0,0,"1/1/1/9/9/9",10,"Meren L5","Melen L5","메렌5","梅伦L5","梅倫L5","Meren L5","เมเลน L5"
20206,"メレンL6",206,0,0,"1/1/1/9/9/9",10,"Meren L6","Melen L6","메렌6","梅伦L6","梅倫L6","Meren L6","เมเลน L6"
20207,"メレンL7",207,0,0,"1/1/1/9/9/9",10,"Meren L7","Melen L7","메렌7","梅伦L7","梅倫L7","Meren L7","เมเลน L7"
20208,"メレンL8",208,0,0,"1/1/1/9/9/9",10,"Meren L8","Melen L8","메렌8","梅伦L8","梅倫L8","Meren L8","เมเลน L8"
20209,"メレンL9",209,0,0,"1/1/1/9/9/9",10,"Meren L9","Melen L9","메렌9","梅伦L9","梅倫L9","Meren L9","เมเลน L9"
20210,"メレンL10",210,0,0,"1/1/1/9/9/9",10,"Meren L10","Melen L10","메렌10","梅伦L10","梅倫L10","Meren L10","เมเลน L10"
20211,"サルガドL1",211,0,0,"3/3/3/11/11/11",10,"Salgado L1","Salgado L1","살가드1","萨尔卡多L1","薩爾卡多L1","Salgado L1","ซัลกาโด L1"
20212,"サルガドL2",212,0,0,"3/3/3/11/11/11",10,"Salgado L2","Salgado L2","살가드2","萨尔卡多L2","薩爾卡多L2","Salgado L2","ซัลกาโด L2"
20213,"サルガドL3",213,0,0,"3/3/3/11/11/11",10,"Salgado L3","Salgado L3","살가드3","萨尔卡多L3","薩爾卡多L3","Salgado L3","ซัลกาโด L3"
20214,"サルガドL4",214,0,0,"3/3/3/11/11/11",10,"Salgado L4","Salgado L4","살가드4","萨尔卡多L4","薩爾卡多L4","Salgado L4","ซัลกาโด L4"
20215,"サルガドL5",215,0,0,"3/3/3/11/11/11",10,"Salgado L5","Salgado L5","살가드5","萨尔卡多L5","薩爾卡多L5","Salgado L5","ซัลกาโด L5"
20216,"サルガドL6",216,0,0,"3/3/3/11/11/11",10,"Salgado L6","Salgado L6","살가드6","萨尔卡多L6","薩爾卡多L6","Salgado L6","ซัลกาโด L6"
20217,"サルガドL7",217,0,0,"3/3/3/11/11/11",10,"Salgado L7","Salgado L7","살가드7","萨尔卡多L7","薩爾卡多L7","Salgado L7","ซัลกาโด L7"
20218,"サルガドL8",218,0,0,"3/3/3/11/11/11",10,"Salgado L8","Salgado L8","살가드8","萨尔卡多L8","薩爾卡多L8","Salgado L8","ซัลกาโด L8"
20219,"サルガドL9",219,0,0,"3/3/3/11/11/11",10,"Salgado L9","Salgado L9","살가드9","萨尔卡多L9","薩爾卡多L9","Salgado L9","ซัลกาโด L9"
20220,"サルガドL10",220,0,0,"3/3/3/11/11/11",10,"Salgado L10","Salgado L10","살가드10","萨尔卡多L10","薩爾卡多L10","Salgado L10","ซัลกาโด L10"
20221,"レッドグレイヴL1",221,0,0,"3/3/3/11/11/11",10,"Redgrave L1","Redgrave L1","레드그레이브1","蕾格烈芙L1","蕾格烈芙L1","Redgrave L1","เรดเกรฟ L1"
20222,"レッドグレイヴL2",222,0,0,"3/3/3/11/11/11",10,"Redgrave L2","Redgrave L2","레드그레이브2","蕾格烈芙L2","蕾格烈芙L2","Redgrave L2","เรดเกรฟ L2"
20223,"レッドグレイヴL3",223,0,0,"3/3/3/11/11/11",10,"Redgrave L3","Redgrave L3","레드그레이브3","蕾格烈芙L3","蕾格烈芙L3","Redgrave L3","เรดเกรฟ L3"
20224,"レッドグレイヴL4",224,0,0,"3/3/3/11/11/11",10,"Redgrave L4","Redgrave L4","레드그레이브4","蕾格烈芙L4","蕾格烈芙L4","Redgrave L4","เรดเกรฟ L4"
20225,"レッドグレイヴL5",225,0,0,"3/3/3/11/11/11",10,"Redgrave L5","Redgrave L5","레드그레이브5","蕾格烈芙L5","蕾格烈芙L5","Redgrave L5","เรดเกรฟ L5"
20226,"レッドグレイヴL6",226,0,0,"3/3/3/11/11/11",10,"Redgrave L6","Redgrave L6","레드그레이브6","蕾格烈芙L6","蕾格烈芙L6","Redgrave L6","เรดเกรฟ L6"
20227,"レッドグレイヴL7",227,0,0,"3/3/3/11/11/11",10,"Redgrave L7","Redgrave L7","레드그레이브7","蕾格烈芙L7","蕾格烈芙L7","Redgrave L7","เรดเกรฟ L7"
20228,"レッドグレイヴL8",228,0,0,"3/3/3/11/11/11",10,"Redgrave L8","Redgrave L8","레드그레이브8","蕾格烈芙L8","蕾格烈芙L8","Redgrave L8","เรดเกรฟ L8"
20229,"レッドグレイヴL9",229,0,0,"3/3/3/11/11/11",10,"Redgrave L9","Redgrave L9","레드그레이브9","蕾格烈芙L9","蕾格烈芙L9","Redgrave L9","เรดเกรฟ L9"
20230,"レッドグレイヴL10",230,0,0,"3/3/3/11/11/11",10,"Redgrave L10","Redgrave L10","레드그레이브10","蕾格烈芙L10","蕾格烈芙L10","Redgrave L10","เรดเกรฟ L10"
20231,"リーズL1",231,0,0,"3/3/3/11/11/11",10,"Riesz L1","Riesz L1","리즈1","里斯L1","里斯L1","Riesz L1","รีซ L1"
20232,"リーズL2",232,0,0,"3/3/3/11/11/11",10,"Riesz L2","Riesz L2","리즈2","里斯L2","里斯L2","Riesz L2","รีซ L2"
20233,"リーズL3",233,0,0,"3/3/3/11/11/11",10,"Riesz L3","Riesz L3","리즈3","里斯L3","里斯L3","Riesz L3","รีซ L3"
20234,"リーズL4",234,0,0,"3/3/3/11/11/11",10,"Riesz L4","Riesz L4","리즈4","里斯L4","里斯L4","Riesz L4","รีซ L4"
20235,"リーズL5",235,0,0,"3/3/3/11/11/11",10,"Riesz L5","Riesz L5","리즈5","里斯L5","里斯L5","Riesz L5","รีซ L5"
20236,"リーズL6",236,0,0,"3/3/3/11/11/11",10,"Riesz L6","Riesz L6","리즈6","里斯L6","里斯L6","Riesz L6","รีซ L6"
20237,"リーズL7",237,0,0,"3/3/3/11/11/11",10,"Riesz L7","Riesz L7","리즈7","里斯L7","里斯L7","Riesz L7","รีซ L7"
20238,"リーズL8",238,0,0,"3/3/3/11/11/11",10,"Riesz L8","Riesz L8","리즈8","里斯L8","里斯L8","Riesz L8","รีซ L8"
20239,"リーズL9",239,0,0,"3/3/3/11/11/11",10,"Riesz L9","Riesz L9","리즈9","里斯L9","里斯L9","Riesz L9","รีซ L9"
20240,"リーズL10",240,0,0,"3/3/3/11/11/11",10,"Riesz L10","Riesz L10","리즈10","里斯L10","里斯L10","Riesz L10","รีซ L10"
20241,"ミリアンL1",241,0,0,"3/3/3/11/11/11",10,"Milian L1","Milian L1","미리안1","米利安L1","米利安L1","Milian L1","มิเลียน L1"
20242,"ミリアンL2",242,0,0,"3/3/3/11/11/11",10,"Milian L2","Milian L2","미리안2","米利安L2","米利安L2","Milian L2","มิเลียน L2"
20243,"ミリアンL3",243,0,0,"3/3/3/11/11/11",10,"Milian L3","Milian L3","미리안3","米利安L3","米利安L3","Milian L3","มิเลียน L3"
20244,"ミリアンL4",244,0,0,"3/3/3/11/11/11",10,"Milian L4","Milian L4","미리안4","米利安L4","米利安L4","Milian L4","มิเลียน L4"
20245,"ミリアンL5",245,0,0,"3/3/3/11/11/11",10,"Milian L5","Milian L5","미리안5","米利安L5","米利安L5","Milian L5","มิเลียน L5"
20246,"ミリアンL6",246,0,0,"3/3/3/11/11/11",10,"Milian L6","Milian L6","미리안6","米利安L6","米利安L6","Milian L6","มิเลียน L6"
20247,"ミリアンL7",247,0,0,"3/3/3/11/11/11",10,"Milian L7","Milian L7","미리안7","米利安L7","米利安L7","Milian L7","มิเลียน L7"
20248,"ミリアンL8",248,0,0,"3/3/3/11/11/11",10,"Milian L8","Milian L8","미리안8","米利安L8","米利安L8","Milian L8","มิเลียน L8"
20249,"ミリアンL9",249,0,0,"3/3/3/11/11/11",10,"Milian L9","Milian L9","미리안9","米利安L9","米利安L9","Milian L9","มิเลียน L9"
20250,"ミリアンL10",250,0,0,"3/3/3/11/11/11",10,"Milian L10","Milian L10","미리안10","米利安L10","米利安L10","Milian L10","มิเลียน L10"
20251,"ウォーケンL1",251,0,0,"3/3/3/11/11/11",10,"Walken L1","Walken L1","워켄1","沃肯L1","沃肯L1","Walken L1","วอลเคน L1"
20252,"ウォーケンL2",252,0,0,"3/3/3/11/11/11",10,"Walken L2","Walken L2","워켄2","沃肯L2","沃肯L2","Walken L2","วอลเคน L2"
20253,"ウォーケンL3",253,0,0,"3/3/3/11/11/11",10,"Walken L3","Walken L3","워켄3","沃肯L3","沃肯L3","Walken L3","วอลเคน L3"
20254,"ウォーケンL4",254,0,0,"3/3/3/11/11/11",10,"Walken L4","Walken L4","워켄4","沃肯L4","沃肯L4","Walken L4","วอลเคน L4"
20255,"ウォーケンL5",255,0,0,"3/3/3/11/11/11",10,"Walken L5","Walken L5","워켄5","沃肯L5","沃肯L5","Walken L5","วอลเคน L5"
20256,"ウォーケンL6",256,0,0,"3/3/3/11/11/11",10,"Walken L6","Walken L6","워켄6","沃肯L6","沃肯L6","Walken L6","วอลเคน L6"
20257,"ウォーケンL7",257,0,0,"3/3/3/11/11/11",10,"Walken L7","Walken L7","워켄7","沃肯L7","沃肯L7","Walken L7","วอลเคน L7"
20258,"ウォーケンL8",258,0,0,"3/3/3/11/11/11",10,"Walken L8","Walken L8","워켄8","沃肯L8","沃肯L8","Walken L8","วอลเคน L8"
20259,"ウォーケンL9",259,0,0,"3/3/3/11/11/11",10,"Walken L9","Walken L9","워켄9","沃肯L9","沃肯L9","Walken L9","วอลเคน L9"
20260,"ウォーケンL10",260,0,0,"3/3/3/11/11/11",10,"Walken L10","Walken L10","워켄10","沃肯L10","沃肯L10","Walken L10","วอลเคน L10"
20261,"フロレンスL1",261,0,0,"3/3/3/11/11/11",10,"Florence L1","Florence L1","플로렌스1","佛罗伦斯L1","佛羅倫斯L1","Florence L1","ฟลอเรนซ์ L1"
20262,"フロレンスL2",262,0,0,"3/3/3/11/11/11",10,"Florence L2","Florence L2","플로렌스2","佛罗伦斯L2","佛羅倫斯L2","Florence L2","ฟลอเรนซ์ L2"
20263,"フロレンスL3",263,0,0,"3/3/3/11/11/11",10,"Florence L3","Florence L3","플로렌스3","佛罗伦斯L3","佛羅倫斯L3","Florence L3","ฟลอเรนซ์ L3"
20264,"フロレンスL4",264,0,0,"3/3/3/11/11/11",10,"Florence L4","Florence L4","플로렌스4","佛罗伦斯L4","佛羅倫斯L4","Florence L4","ฟลอเรนซ์ L4"
20265,"フロレンスL5",265,0,0,"3/3/3/11/11/11",10,"Florence L5","Florence L5","플로렌스5","佛罗伦斯L5","佛羅倫斯L5","Florence L5","ฟลอเรนซ์ L5"
20266,"フロレンスL6",266,0,0,"3/3/3/11/11/11",10,"Florence L6","Florence L6","플로렌스6","佛罗伦斯L6","佛羅倫斯L6","Florence L6","ฟลอเรนซ์ L6"
20267,"フロレンスL7",267,0,0,"3/3/3/11/11/11",10,"Florence L7","Florence L7","플로렌스7","佛罗伦斯L7","佛羅倫斯L7","Florence L7","ฟลอเรนซ์ L7"
20268,"フロレンスL8",268,0,0,"3/3/3/11/11/11",10,"Florence L8","Florence L8","플로렌스8","佛罗伦斯L8","佛羅倫斯L8","Florence L8","ฟลอเรนซ์ L8"
20269,"フロレンスL9",269,0,0,"3/3/3/11/11/11",10,"Florence L9","Florence L9","플로렌스9","佛罗伦斯","佛羅倫斯L9","Florence L9","ฟลอเรนซ์ L9"
20270,"フロレンスL10",270,0,0,"3/3/3/11/11/11",10,"Florence L10","Florence L10","플로렌스10","佛罗伦斯L10","佛羅倫斯L10","Florence L10","ฟลอเรนซ์ L10"
20271,"パルモL1",271,0,0,"3/3/3/11/11/11",10,"Palmo L1","Palmo L1","파르모1","帕茉L1","帕茉L1","Palmo L1","พาลโม L1"
20272,"パルモL2",272,0,0,"3/3/3/11/11/11",10,"Palmo L2","Palmo L2","파르모2","帕茉L2","帕茉L2","Palmo L2","พาลโม L2"
20273,"パルモL3",273,0,0,"3/3/3/11/11/11",10,"Palmo L3","Palmo L3","파르모3","帕茉L3","帕茉L3","Palmo L3","พาลโม L3"
20274,"パルモL4",274,0,0,"3/3/3/11/11/11",10,"Palmo L4","Palmo L4","파르모4","帕茉L4","帕茉L4","Palmo L4","พาลโม L4"
20275,"パルモL5",275,0,0,"3/3/3/11/11/11",10,"Palmo L5","Palmo L5","파르모5","帕茉L5","帕茉L5","Palmo L5","พาลโม L5"
20276,"パルモL6",276,0,0,"3/3/3/11/11/11",10,"Palmo L6","Palmo L6","파르모6","帕茉L6","帕茉L6","Palmo L6","พาลโม L6"
20277,"パルモL7",277,0,0,"3/3/3/11/11/11",10,"Palmo L7","Palmo L7","파르모7","帕茉L7","帕茉L7","Palmo L7","พาลโม L7"
20278,"パルモL8",278,0,0,"3/3/3/11/11/11",10,"Palmo L8","Palmo L8","파르모8","帕茉L8","帕茉L8","Palmo L8","พาลโม L8"
20279,"パルモL9",279,0,0,"3/3/3/11/11/11",10,"Palmo L9","Palmo L9","파르모9","帕茉L9","帕茉L9","Palmo L9","พาลโม L9"
20280,"パルモL10",280,0,0,"3/3/3/11/11/11",10,"Palmo L10","Palmo L10","파르모10","帕茉L10","帕茉L10","Palmo L10","พาลโม L10"
20281,"アスラL1",281,0,0,"3/3/3/11/11/11",10,"Asura L1","Asura L1","아수라1","阿修罗L1","阿修羅L1","Asura L1","อาซูร่า L1"
20282,"アスラL2",282,0,0,"3/3/3/11/11/11",10,"Asura L2","Asura L2","아수라2","阿修罗L2","阿修羅L2","Asura L2","อาซูร่า L2"
20283,"アスラL3",283,0,0,"3/3/3/11/11/11",10,"Asura L3","Asura L3","아수라3","阿修罗L3","阿修羅L3","Asura L3","อาซูร่า L3"
20284,"アスラL4",284,0,0,"3/3/3/11/11/11",10,"Asura L4","Asura L4","아수라4","阿修罗L4","阿修羅L4","Asura L4","อาซูร่า L4"
20285,"アスラL5",285,0,0,"3/3/3/11/11/11",10,"Asura L5","Asura L5","아수라5","阿修罗L5","阿修羅L5","Asura L5","อาซูร่า L5"
20286,"アスラL6",286,0,0,"3/3/3/11/11/11",10,"Asura L6","Asura L6","아수라6","阿修罗L6","阿修羅L6","Asura L6","อาซูร่า L6"
20287,"アスラL7",287,0,0,"3/3/3/11/11/11",10,"Asura L7","Asura L7","아수라7","阿修罗L7","阿修羅L7","Asura L7","อาซูร่า L7"
20288,"アスラL8",288,0,0,"3/3/3/11/11/11",10,"Asura L8","Asura L8","아수라8","阿修罗L8","阿修羅L8","Asura L8","อาซูร่า L8"
20289,"アスラL9",289,0,0,"3/3/3/11/11/11",10,"Asura L9","Asura L9","아수라9","阿修罗L9","阿修羅L9","Asura L9","อาซูร่า L9"
20290,"アスラL10",290,0,0,"3/3/3/11/11/11",10,"Asura L10","Asura L10","아수라10","阿修罗L10","阿修羅L10","Asura L10","อาซูร่า L10"
20291,"ブロウニングL1",291,0,0,"3/3/3/11/11/11",10,"Browning L1","Browning L1","브라우닝1","布朗宁L1","布朗寧L1","Browning L1","บราวนิ่ง L1"
20292,"ブロウニングL2",292,0,0,"3/3/3/11/11/11",10,"Browning L2","Browning L2","브라우닝2","布朗宁L2","布朗寧L2","Browning L2","บราวนิ่ง L2"
20293,"ブロウニングL3",293,0,0,"3/3/3/11/11/11",10,"Browning L3","Browning L3","브라우닝3","布朗宁L3","布朗寧L3","Browning L3","บราวนิ่ง L3"
20294,"ブロウニングL4",294,0,0,"3/3/3/11/11/11",10,"Browning L4","Browning L4","브라우닝4","布朗宁L4","布朗寧L4","Browning L4","บราวนิ่ง L4"
20295,"ブロウニングL5",295,0,0,"3/3/3/11/11/11",10,"Browning L5","Browning L5","브라우닝5","布朗宁L5","布朗寧L5","Browning L5","บราวนิ่ง L5"
20296,"ブロウニングL6",296,0,0,"3/3/3/11/11/11",10,"Browning L6","Browning L6","브라우닝6","布朗宁L6","布朗寧L6","Browning L6","บราวนิ่ง L6"
20297,"ブロウニングL7",297,0,0,"3/3/3/11/11/11",10,"Browning L7","Browning L7","브라우닝7","布朗宁L7","布朗寧L7","Browning L7","บราวนิ่ง L7"
20298,"ブロウニングL8",298,0,0,"3/3/3/11/11/11",10,"Browning L8","Browning L8","브라우닝8","布朗宁L8","布朗寧L8","Browning L8","บราวนิ่ง L8"
20299,"ブロウニングL9",299,0,0,"3/3/3/11/11/11",10,"Browning L9","Browning L9","브라우닝9","布朗宁L9","布朗寧L9","Browning L9","บราวนิ่ง L9"
20300,"ブロウニングL10",300,0,0,"3/3/3/11/11/11",10,"Browning L10","Browning L10","브라우닝10","布朗宁L10","布朗寧L10","Browning L10","บราวนิ่ง L10"
20301,"マルセウスL1",301,0,0,"3/3/3/11/11/11",10,"Marseus L1","Marseus L1","마르세우스1","玛尔瑟斯L1","瑪爾瑟斯L1","Marseus L1","มาร์เซอุส L1"
20302,"マルセウスL2",302,0,0,"3/3/3/11/11/11",10,"Marseus L2","Marseus L2","마르세우스2","玛尔瑟斯L2","瑪爾瑟斯L2","Marseus L2","มาร์เซอุส L2"
20303,"マルセウスL3",303,0,0,"3/3/3/11/11/11",10,"Marseus L3","Marseus L3","마르세우스3","玛尔瑟斯L3","瑪爾瑟斯L3","Marseus L3","มาร์เซอุส L3"
20304,"マルセウスL4",304,0,0,"3/3/3/11/11/11",10,"Marseus L4","Marseus L4","마르세우스4","玛尔瑟斯L4","瑪爾瑟斯L4","Marseus L4","มาร์เซอุส L4"
20305,"マルセウスL5",305,0,0,"3/3/3/11/11/11",10,"Marseus L5","Marseus L5","마르세우스5","玛尔瑟斯L5","瑪爾瑟斯L5","Marseus L5","มาร์เซอุส L5"
20306,"マルセウスL6",306,0,0,"3/3/3/11/11/11",10,"Marseus L6","Marseus L6","마르세우스6","玛尔瑟斯L6","瑪爾瑟斯L6","Marseus L6","มาร์เซอุส L6"
20307,"マルセウスL7",307,0,0,"3/3/3/11/11/11",10,"Marseus L7","Marseus L7","마르세우스7","玛尔瑟斯L7","瑪爾瑟斯L7","Marseus L7","มาร์เซอุส L7"
20308,"マルセウスL8",308,0,0,"3/3/3/11/11/11",10,"Marseus L8","Marseus L8","마르세우스8","玛尔瑟斯L8","瑪爾瑟斯L8","Marseus L8","มาร์เซอุส L8"
20309,"マルセウスL9",309,0,0,"3/3/3/11/11/11",10,"Marseus L9","Marseus L9","마르세우스9","玛尔瑟斯L9","瑪爾瑟斯L9","Marseus L9","มาร์เซอุส L9"
20310,"マルセウスL10",310,0,0,"3/3/3/11/11/11",10,"Marseus L10","Marseus L10","마르세우스10","玛尔瑟斯L10","瑪爾瑟斯L10","Marseus L10","มาร์เซอุส L10"
20311,"ルートL1",311,0,0,"3/3/3/11/11/11",10,"Rood L1","Rood L1","루드1","路德L1","路德L1","Rood L1","รู้ด L1"
20312,"ルートL2",312,0,0,"3/3/3/11/11/11",10,"Rood L2","Rood L2","루드2","路德L2","路德L2","Rood L2","รู้ด L2"
20313,"ルートL3",313,0,0,"3/3/3/11/11/11",10,"Rood L3","Rood L3","루드3","路德L3","路德L3","Rood L3","รู้ด L3"
20314,"ルートL4",314,0,0,"3/3/3/11/11/11",10,"Rood L4","Rood L4","루드4","路德L4","路德L4","Rood L4","รู้ด L4"
20315,"ルートL5",315,0,0,"3/3/3/11/11/11",10,"Rood L5","Rood L5","루드5","路德L5","路德L5","Rood L5","รู้ด L5"
20316,"ルートL6",316,0,0,"3/3/3/11/11/11",10,"Rood L6","Rood L6","루드6","路德L6","路德L6","Rood L6","รู้ด L6"
20317,"ルートL7",317,0,0,"3/3/3/11/11/11",10,"Rood L7","Rood L7","루드7","路德L7","路德L7","Rood L7","รู้ด L7"
20318,"ルートL8",318,0,0,"3/3/3/11/11/11",10,"Rood L8","Rood L8","루드8","路德L8","路德L8","Rood L8","รู้ด L8"
20319,"ルートL9",319,0,0,"3/3/3/11/11/11",10,"Rood L9","Rood L9","루드9","路德L9","路德L9","Rood L9","รู้ด L9"
20320,"ルートL10",320,0,0,"3/3/3/11/11/11",10,"Rood L10","Rood L10","루드10","路德L10","路德L10","Rood L10","รู้ด L10"
20321,"リュカL1",321,0,0,"3/3/3/11/11/11",10,,"Luka L1","루카1","鲁卡L1","魯卡L1","Luka L1","ลูคา L1"
20322,"リュカL2",322,0,0,"3/3/3/11/11/11",10,,"Luka L2","루카2","鲁卡L2","魯卡L2","Luka L2","ลูคา L2"
20323,"リュカL3",323,0,0,"3/3/3/11/11/11",10,,"Luka L3","루카3","鲁卡L3","魯卡L3","Luka L3","ลูคา L3"
20324,"リュカL4",324,0,0,"3/3/3/11/11/11",10,,"Luka L4","루카4","鲁卡L4","魯卡L4","Luka L4","ลูคา L4"
20325,"リュカL5",325,0,0,"3/3/3/11/11/11",10,,"Luka L5","루카5","鲁卡L5","魯卡L5","Luka L5","ลูคา L5"
20326,"リュカL6",326,0,0,"3/3/3/11/11/11",10,,"Luka L6","루카6","鲁卡L6","魯卡L6","Luka L6","ลูคา L6"
20327,"リュカL7",327,0,0,"3/3/3/11/11/11",10,,"Luka L7","루카7","鲁卡L7","魯卡L7","Luka L7","ลูคา L7"
20328,"リュカL8",328,0,0,"3/3/3/11/11/11",10,,"Luka L8","루카8","鲁卡L8","魯卡L8","Luka L8","ลูคา L8"
20329,"リュカL9",329,0,0,"3/3/3/11/11/11",10,,"Luka L9","루카9","鲁卡L9","魯卡L9","Luka L9","ลูคา L9"
20330,"リュカL10",330,0,0,"3/3/3/11/11/11",10,,"Luka L10","루카10","鲁卡L10","魯卡L10","Luka L10","ลูคา L10"
20331,"ステイシアL1",331,0,0,"3/3/3/11/11/11",10,,"Stacia L1","스테이시아1","史塔夏L1","史塔夏L1","Stacia L1","สเตเซีย L1"
20332,"ステイシアL2",332,0,0,"3/3/3/11/11/11",10,,"Stacia L2","스테이시아2","史塔夏L2","史塔夏L2","Stacia L2","สเตเซีย L2"
20333,"ステイシアL3",333,0,0,"3/3/3/11/11/11",10,,"Stacia L3","스테이시아3","史塔夏L3","史塔夏L3","Stacia L3","สเตเซีย L3"
20334,"ステイシアL4",334,0,0,"3/3/3/11/11/11",10,,"Stacia L4","스테이시아4","史塔夏L4","史塔夏L4","Stacia L4","สเตเซีย L4"
20335,"ステイシアL5",335,0,0,"3/3/3/11/11/11",10,,"Stacia L5","스테이시아5","史塔夏L5","史塔夏L5","Stacia L5","สเตเซีย L5"
20336,"ステイシアL6",336,0,0,"3/3/3/11/11/11",10,,"Stacia L6","스테이시아6","史塔夏L6","史塔夏L6","Stacia L6","สเตเซีย L6"
20337,"ステイシアL7",337,0,0,"3/3/3/11/11/11",10,,"Stacia L7","스테이시아7","史塔夏L7","史塔夏L7","Stacia L7","สเตเซีย L7"
20338,"ステイシアL8",338,0,0,"3/3/3/11/11/11",10,,"Stacia L8","스테이시아8","史塔夏L8","史塔夏L8","Stacia L8","สเตเซีย L8"
20339,"ステイシアL9",339,0,0,"3/3/3/11/11/11",10,,"Stacia L9","스테이시아9","史塔夏L9","史塔夏L9","Stacia L9","สเตเซีย L9"
20340,"ステイシアL10",340,0,0,"3/3/3/11/11/11",10,,"Stacia L10","스테이시아10","史塔夏L10","史塔夏L10","Stacia L10","สเตเซีย L10"
20341,"ヴォランドL1",341,0,0,"3/3/3/11/11/11",10,,"Vorand L1","볼랜드1","沃兰德L1","沃蘭德L1","Voland L1","โวลันด์ L1"
20342,"ヴォランドL2",342,0,0,"3/3/3/11/11/11",10,,"Vorand L2","볼랜드2","沃兰德L2","沃蘭德L2","Voland L2","โวลันด์ L2"
20343,"ヴォランドL3",343,0,0,"3/3/3/11/11/11",10,,"Vorand L3","볼랜드3","沃兰德L3","沃蘭德L3","Voland L3","โวลันด์ L3"
20344,"ヴォランドL4",344,0,0,"3/3/3/11/11/11",10,,"Vorand L4","볼랜드4","沃兰德L4","沃蘭德L4","Voland L4","โวลันด์ L4"
20345,"ヴォランドL5",345,0,0,"3/3/3/11/11/11",10,,"Vorand L5","볼랜드5","沃兰德L5","沃蘭德L5","Voland L5","โวลันด์ L5"
20346,"ヴォランドL6",346,0,0,"3/3/3/11/11/11",10,,"Vorand L6","볼랜드6","沃兰德L6","沃蘭德L6","Voland L6","โวลันด์ L6"
20347,"ヴォランドL7",347,0,0,"3/3/3/11/11/11",10,,"Vorand L7","볼랜드7","沃兰德L7","沃蘭德L7","Voland L7","โวลันด์ L7"
20348,"ヴォランドL8",348,0,0,"3/3/3/11/11/11",10,,"Vorand L8","볼랜드8","沃兰德L8","沃蘭德L8","Voland L8","โวลันด์ L8"
20349,"ヴォランドL9",349,0,0,"3/3/3/11/11/11",10,,"Vorand L9","볼랜드9","沃兰德L9","沃蘭德L9","Voland L9","โวลันด์ L9"
20350,"ヴォランドL10",350,0,0,"3/3/3/11/11/11",10,,"Vorand L10","볼랜드10","沃兰德L10","沃蘭德L10","Voland L10","โวลันด์ L10"
20351,"C.C.L1",351,0,0,"3/3/3/11/11/11",10,,"C.C.L1","C.C.1","C.C.L1","C.C.L1","C.C.L1","C.C.L1 "
20352,"C.C.L2",352,0,0,"3/3/3/11/11/11",10,,"C.C.L2","C.C.2","C.C.L2","C.C.L2","C.C.L2","C.C.L2 "
20353,"C.C.L3",353,0,0,"3/3/3/11/11/11",10,,"C.C.L3","C.C.3","C.C.L3","C.C.L3","C.C.L3","C.C.L3 "
20354,"C.C.L4",354,0,0,"3/3/3/11/11/11",10,,"C.C.L4","C.C.4","C.C.L4","C.C.L4","C.C.L4","C.C.L4 "
20355,"C.C.L5",355,0,0,"3/3/3/11/11/11",10,,"C.C.L5","C.C.5","C.C.L5","C.C.L5","C.C.L5","C.C.L5 "
20356,"C.C.L6",356,0,0,"3/3/3/11/11/11",10,,"C.C.L6","C.C.6","C.C.L6","C.C.L6","C.C.L6","C.C.L6 "
20357,"C.C.L7",357,0,0,"3/3/3/11/11/11",10,,"C.C.L7","C.C.7","C.C.L7","C.C.L7","C.C.L7","C.C.L7 "
20358,"C.C.L8",358,0,0,"3/3/3/11/11/11",10,,"C.C.L8","C.C.8","C.C.L8","C.C.L8","C.C.L8","C.C.L8 "
20359,"C.C.L9",359,0,0,"3/3/3/11/11/11",10,,"C.C.L9","C.C.9","C.C.L9","C.C.L9","C.C.L9","C.C.L9 "
20360,"C.C.L10",360,0,0,"3/3/3/11/11/11",10,,"C.C.L10","C.C.10","C.C.L10","C.C.L10","C.C.L10","C.C.L10 "
20361,"コッブL1",361,0,0,"3/3/3/11/11/11",10,,"Cobb L1","콥1","柯布L1","柯布L1","Cobb L1","ค็อบบ์ L1"
20362,"コッブL2",362,0,0,"3/3/3/11/11/11",10,,"Cobb L2","콥2","柯布L2","柯布L2","Cobb L2","ค็อบบ์ L2"
20363,"コッブL3",363,0,0,"3/3/3/11/11/11",10,,"Cobb L3","콥3","柯布L3","柯布L3","Cobb L3","ค็อบบ์ L3"
20364,"コッブL4",364,0,0,"3/3/3/11/11/11",10,,"Cobb L4","콥4","柯布L4","柯布L4","Cobb L4","ค็อบบ์ L4"
20365,"コッブL5",365,0,0,"3/3/3/11/11/11",10,,"Cobb L5","콥5","柯布L5","柯布L5","Cobb L5","ค็อบบ์ L5"
20366,"コッブL6",366,0,0,"3/3/3/11/11/11",10,,"Cobb L6","콥6","柯布L6","柯布L6","Cobb L6","ค็อบบ์ L6"
20367,"コッブL7",367,0,0,"3/3/3/11/11/11",10,,"Cobb L7","콥7","柯布L7","柯布L7","Cobb L7","ค็อบบ์ L7"
20368,"コッブL8",368,0,0,"3/3/3/11/11/11",10,,"Cobb L8","콥8","柯布L8","柯布L8","Cobb L8","ค็อบบ์ L8"
20369,"コッブL9",369,0,0,"3/3/3/11/11/11",10,,"Cobb L9","콥9","柯布L9","柯布L9","Cobb L9","ค็อบบ์ L9"
20370,"コッブL10",370,0,0,"3/3/3/11/11/11",10,,"Cobb L10","콥10","柯布L10","柯布L10","Cobb L10","ค็อบบ์ L10"
20371,"イヴリンL1",371,0,0,"3/3/3/11/11/11",10,,"Evelyn L1","이블린1","伊芙琳L1","伊芙琳L1","Evelyn L1","อีฟลิน L1"
20372,"イヴリンL2",372,0,0,"3/3/3/11/11/11",10,,"Evelyn L2","이블린2","伊芙琳L2","伊芙琳L2","Evelyn L2","อีฟลิน L2"
20373,"イヴリンL3",373,0,0,"3/3/3/11/11/11",10,,"Evelyn L3","이블린3","伊芙琳L3","伊芙琳L3","Evelyn L3","อีฟลิน L3"
20374,"イヴリンL4",374,0,0,"3/3/3/11/11/11",10,,"Evelyn L4","이블린4","伊芙琳L4","伊芙琳L4","Evelyn L4","อีฟลิน L4"
20375,"イヴリンL5",375,0,0,"3/3/3/11/11/11",10,,"Evelyn L5","이블린5","伊芙琳L5","伊芙琳L5","Evelyn L5","อีฟลิน L5"
20376,"イヴリンL6",376,0,0,"3/3/3/11/11/11",10,,"Evelyn L6","이블린6","伊芙琳L6","伊芙琳L6","Evelyn L6","อีฟลิน L6"
20377,"イヴリンL7",377,0,0,"3/3/3/11/11/11",10,,"Evelyn L7","이블린7","伊芙琳L7","伊芙琳L7","Evelyn L7","อีฟลิน L7"
20378,"イヴリンL8",378,0,0,"3/3/3/11/11/11",10,,"Evelyn L8","이블린8","伊芙琳L8","伊芙琳L8","Evelyn L8","อีฟลิน L8"
20379,"イヴリンL9",379,0,0,"3/3/3/11/11/11",10,,"Evelyn L9","이블린9","伊芙琳L9","伊芙琳L9","Evelyn L9","อีฟลิน L9"
20380,"イヴリンL10",380,0,0,"3/3/3/11/11/11",10,,"Evelyn L10","이블린10","伊芙琳L10","伊芙琳L10","Evelyn L10","อีฟลิน L10"
20381,"ブラウL1",381,0,0,"3/3/3/11/11/11",10,,"Blau L1","브라우1","布劳L1","布勞L1","Blau L1","บลาว L1"
20382,"ブラウL2",382,0,0,"3/3/3/11/11/11",10,,"Blau L2","브라우2","布劳L2","布勞L2","Blau L2","บลาว L2"
20383,"ブラウL3",383,0,0,"3/3/3/11/11/11",10,,"Blau L3","브라우3","布劳L3","布勞L3","Blau L3","บลาว L3"
20384,"ブラウL4",384,0,0,"3/3/3/11/11/11",10,,"Blau L4","브라우4","布劳L4","布勞L4","Blau L4","บลาว L4"
20385,"ブラウL5",385,0,0,"3/3/3/11/11/11",10,,"Blau L5","브라우5","布劳L5","布勞L5","Blau L5","บลาว L5"
20386,"ブラウL6",386,0,0,"3/3/3/11/11/11",10,,"Blau L6","브라우6","布劳L6","布勞L6","Blau L6","บลาว L6"
20387,"ブラウL7",387,0,0,"3/3/3/11/11/11",10,,"Blau L7","브라우7","布劳L7","布勞L7","Blau L7","บลาว L7"
20388,"ブラウL8",388,0,0,"3/3/3/11/11/11",10,,"Blau L8","브라우8","布劳L8","布勞L8","Blau L8","บลาว L8"
20389,"ブラウL9",389,0,0,"3/3/3/11/11/11",10,,"Blau L9","브라우9","布劳L9","布勞L9","Blau L9","บลาว L9"
20390,"ブラウL10",390,0,0,"3/3/3/11/11/11",10,,"Blau L10","브라우10","布劳L10","布勞L10","Blau L10","บลาว L10"
20391,"カレンベルクL1",391,0,0,"3/3/3/11/11/11",10,,"Karenberg L1","카렌베르크1","凯伦贝克L1","凱倫貝克L1","Karenberg L1","คาเรนเบิร์ก L1"
20392,"カレンベルクL2",392,0,0,"3/3/3/11/11/11",10,,"Karenberg L2","카렌베르크2","凯伦贝克L2","凱倫貝克L2","Karenberg L2","คาเรนเบิร์ก L2"
20393,"カレンベルクL3",393,0,0,"3/3/3/11/11/11",10,,"Karenberg L3","카렌베르크3","凯伦贝克L3","凱倫貝克L3","Karenberg L3","คาเรนเบิร์ก L3"
20394,"カレンベルクL4",394,0,0,"3/3/3/11/11/11",10,,"Karenberg L4","카렌베르크4","凯伦贝克L4","凱倫貝克L4","Karenberg L4","คาเรนเบิร์ก L4"
20395,"カレンベルクL5",395,0,0,"3/3/3/11/11/11",10,,"Karenberg L5","카렌베르크5","凯伦贝克L5","凱倫貝克L5","Karenberg L5","คาเรนเบิร์ก L5"
20396,"カレンベルクL6",396,0,0,"3/3/3/11/11/11",10,,"Karenberg L6","카렌베르크6","凯伦贝克L6","凱倫貝克L6","Karenberg L6","คาเรนเบิร์ก L6"
20397,"カレンベルクL7",397,0,0,"3/3/3/11/11/11",10,,"Karenberg L7","카렌베르크7","凯伦贝克L7","凱倫貝克L7","Karenberg L7","คาเรนเบิร์ก L7"
20398,"カレンベルクL8",398,0,0,"3/3/3/11/11/11",10,,"Karenberg L8","카렌베르크8","凯伦贝克L8","凱倫貝克L8","Karenberg L8","คาเรนเบิร์ก L8"
20399,"カレンベルクL9",399,0,0,"3/3/3/11/11/11",10,,"Karenberg L9","카렌베르크9","凯伦贝克L9","凱倫貝克L9","Karenberg L9","คาเรนเบิร์ก L9"
20400,"カレンベルクL10",400,0,0,"3/3/3/11/11/11",10,,"Karenberg L10","카렌베르크10","凯伦贝克L10","凱倫貝克L10","Karenberg L10","คาเรนเบิร์ก L10"
20401,"ネネムL1",401,0,0,"3/3/3/11/11/11",10,,"Nenem L1","네넴1","音音梦L1","音音夢L1","Nenem L1","เนเนม L1"
20402,"ネネムL2",402,0,0,"3/3/3/11/11/11",10,,"Nenem L2","네넴2","音音梦L2","音音夢L2","Nenem L2","เนเนม L2"
20403,"ネネムL3",403,0,0,"3/3/3/11/11/11",10,,"Nenem L3","네넴3","音音梦L3","音音夢L3","Nenem L3","เนเนม L3"
20404,"ネネムL4",404,0,0,"3/3/3/11/11/11",10,,"Nenem L4","네넴4","音音梦L4","音音夢L4","Nenem L4","เนเนม L4"
20405,"ネネムL5",405,0,0,"3/3/3/11/11/11",10,,"Nenem L5","네넴5","音音梦L5","音音夢L5","Nenem L5","เนเนม L5"
20406,"ネネムL6",406,0,0,"3/3/3/11/11/11",10,,"Nenem L6","네넴6","音音梦L6","音音夢L6","Nenem L6","เนเนม L6"
20407,"ネネムL7",407,0,0,"3/3/3/11/11/11",10,,"Nenem L7","네넴7","音音梦L7","音音夢L7","Nenem L7","เนเนม L7"
20408,"ネネムL8",408,0,0,"3/3/3/11/11/11",10,,"Nenem L8","네넴8","音音梦L8","音音夢L8","Nenem L8","เนเนม L8"
20409,"ネネムL9",409,0,0,"3/3/3/11/11/11",10,,"Nenem L9","네넴9","音音梦L9","音音夢L9","Nenem L9","เนเนม L9"
20410,"ネネムL10",410,0,0,"3/3/3/11/11/11",10,,"Nenem L10","네넴10","音音梦L10","音音夢L10","Nenem L10","เนเนม L10"
20411,"コンラッドL1",411,0,0,"3/3/3/11/11/11",10,,"Konrad L1","콘래드1","康拉德L1","康拉德L1","Konrad L1","คอนราด L1"
20412,"コンラッドL2",412,0,0,"3/3/3/11/11/11",10,,"Konrad L2","콘래드2","康拉德L2","康拉德L2","Konrad L2","คอนราด L2"
20413,"コンラッドL3",413,0,0,"3/3/3/11/11/11",10,,"Konrad L3","콘래드3","康拉德L3","康拉德L3","Konrad L3","คอนราด L3"
20414,"コンラッドL4",414,0,0,"3/3/3/11/11/11",10,,"Konrad L4","콘래드4","康拉德L4","康拉德L4","Konrad L4","คอนราด L4"
20415,"コンラッドL5",415,0,0,"3/3/3/11/11/11",10,,"Konrad L5","콘래드5","康拉德L5","康拉德L5","Konrad L5","คอนราด L5"
20416,"コンラッドL6",416,0,0,"3/3/3/11/11/11",10,,"Konrad L6","콘래드6","康拉德L6","康拉德L6","Konrad L6","คอนราด L6"
20417,"コンラッドL7",417,0,0,"3/3/3/11/11/11",10,,"Konrad L7","콘래드7","康拉德L7","康拉德L7","Konrad L7","คอนราด L7"
20418,"コンラッドL8",418,0,0,"3/3/3/11/11/11",10,,"Konrad L8","콘래드8","康拉德L8","康拉德L8","Konrad L8","คอนราด L8"
20419,"コンラッドL9",419,0,0,"3/3/3/11/11/11",10,,"Konrad L9","콘래드9","康拉德L9","康拉德L9","Konrad L9","คอนราด L9"
20420,"コンラッドL10",420,0,0,"3/3/3/11/11/11",10,,"Konrad L10","콘래드10","康拉德L10","康拉德L10","Konrad L10","คอนราด L10"
20421,"ビアギッテL1",421,0,0,"3/3/3/11/11/11",10,,"Birgitte L1","비르기트1","碧姬媞L1","碧姬媞L1","Birgit L1","เบียกิตเต้ L1"
20422,"ビアギッテL2",422,0,0,"3/3/3/11/11/11",10,,"Birgitte L2","비르기트2","碧姬媞L2","碧姬媞L2","Birgit L2","เบียกิตเต้ L2"
20423,"ビアギッテL3",423,0,0,"3/3/3/11/11/11",10,,"Birgitte L3","비르기트3","碧姬媞L3","碧姬媞L3","Birgit L3","เบียกิตเต้ L3"
20424,"ビアギッテL4",424,0,0,"3/3/3/11/11/11",10,,"Birgitte L4","비르기트4","碧姬媞L4","碧姬媞L4","Birgit L4","เบียกิตเต้ L4"
20425,"ビアギッテL5",425,0,0,"3/3/3/11/11/11",10,,"Birgitte L5","비르기트5","碧姬媞L5","碧姬媞L5","Birgit L5","เบียกิตเต้ L5"
20426,"ビアギッテL6",426,0,0,"3/3/3/11/11/11",10,,"Birgitte L6","비르기트6","碧姬媞L6","碧姬媞L6","Birgit L6","เบียกิตเต้ L6"
20427,"ビアギッテL7",427,0,0,"3/3/3/11/11/11",10,,"Birgitte L7","비르기트7","碧姬媞L7","碧姬媞L7","Birgit L7","เบียกิตเต้ L7"
20428,"ビアギッテL8",428,0,0,"3/3/3/11/11/11",10,,"Birgitte L8","비르기트8","碧姬媞L8","碧姬媞L8","Birgit L8","เบียกิตเต้ L8"
20429,"ビアギッテL9",429,0,0,"3/3/3/11/11/11",10,,"Birgitte L9","비르기트9","碧姬媞L9","碧姬媞L9","Birgit L9","เบียกิตเต้ L9"
20430,"ビアギッテL10",430,0,0,"3/3/3/11/11/11",10,,"Birgitte L10","비르기트10","碧姬媞L10","碧姬媞L10","Birgit L10","เบียกิตเต้ L10"
20431,"クーンL1",431,0,0,"3/3/3/11/11/11",10,,"Kuhn L1","쿤1","库恩L1","庫恩L1","Kuhn L1","คูนน์ L1"
20432,"クーンL2",432,0,0,"3/3/3/11/11/11",10,,"Kuhn L2","쿤2","库恩L2","庫恩L2","Kuhn L2","คูนน์ L2"
20433,"クーンL3",433,0,0,"3/3/3/11/11/11",10,,"Kuhn L3","쿤3","库恩L3","庫恩L3","Kuhn L3","คูนน์ L3"
20434,"クーンL4",434,0,0,"3/3/3/11/11/11",10,,"Kuhn L4","쿤4","库恩L4","庫恩L4","Kuhn L4","คูนน์ L4"
20435,"クーンL5",435,0,0,"3/3/3/11/11/11",10,,"Kuhn L5","쿤5","库恩L5","庫恩L5","Kuhn L5","คูนน์ L5"
20436,"クーンL6",436,0,0,"3/3/3/11/11/11",10,,"Kuhn L6","쿤6","库恩L6","庫恩L6","Kuhn L6","คูนน์ L6"
20437,"クーンL7",437,0,0,"3/3/3/11/11/11",10,,"Kuhn L7","쿤7","库恩L7","庫恩L7","Kuhn L7","คูนน์ L7"
20438,"クーンL8",438,0,0,"3/3/3/11/11/11",10,,"Kuhn L8","쿤8","库恩L8","庫恩L8","Kuhn L8","คูนน์ L8"
20439,"クーンL9",439,0,0,"3/3/3/11/11/11",10,,"Kuhn L9","쿤9","库恩L9","庫恩L9","Kuhn L9","คูนน์ L9"
20440,"クーンL10",440,0,0,"3/3/3/11/11/11",10,,"Kuhn L10","쿤10","库恩L10","庫恩L10","Kuhn L10","คูนน์ L10"
20441,"シャーロットL1",441,0,0,"3/3/3/11/11/11",10,,"Charlotte L1","샬롯1","夏洛特L1","夏洛特L1","Shalott L1","ชาร์ล็อต L1"
20442,"シャーロットL2",442,0,0,"3/3/3/11/11/11",10,,"Charlotte L2","샬롯2","夏洛特L2","夏洛特L2","Shalott L2","ชาร์ล็อต L2"
20443,"シャーロットL3",443,0,0,"3/3/3/11/11/11",10,,"Charlotte L3","샬롯3","夏洛特L3","夏洛特L3","Shalott L3","ชาร์ล็อต L3"
20444,"シャーロットL4",444,0,0,"3/3/3/11/11/11",10,,"Charlotte L4","샬롯4","夏洛特L4","夏洛特L4","Shalott L4","ชาร์ล็อต L4"
20445,"シャーロットL5",445,0,0,"3/3/3/11/11/11",10,,"Charlotte L5","샬롯5","夏洛特L5","夏洛特L5","Shalott L5","ชาร์ล็อต L5"
20446,"シャーロットL6",446,0,0,"3/3/3/11/11/11",10,,"Charlotte L6","샬롯6","夏洛特L6","夏洛特L6","Shalott L6","ชาร์ล็อต L6"
20447,"シャーロットL7",447,0,0,"3/3/3/11/11/11",10,,"Charlotte L7","샬롯7","夏洛特L7","夏洛特L7","Shalott L7","ชาร์ล็อต L7"
20448,"シャーロットL8",448,0,0,"3/3/3/11/11/11",10,,"Charlotte L8","샬롯8","夏洛特L8","夏洛特L8","Shalott L5","ชาร์ล็อต L8"
20449,"シャーロットL9",449,0,0,"3/3/3/11/11/11",10,,"Charlotte L9","샬롯9","夏洛特L9","夏洛特L9","Shalott L9","ชาร์ล็อต L9"
20450,"シャーロットL10",450,0,0,"3/3/3/11/11/11",10,,"Charlotte L10","샬롯10","夏洛特L10","夏洛特L10","Shalott L10","ชาร์ล็อต L10"
20451,"タイレルL1",451,0,0,"3/3/3/11/11/11",10,,"Tyrrel L1","타이렐1","泰瑞尔L1","泰瑞爾L1","Tyrrel L1","ไทเรล L1"
20452,"タイレルL2",452,0,0,"3/3/3/11/11/11",10,,"Tyrrel L2","타이렐2","泰瑞尔L2","泰瑞爾L2","Tyrrel L2","ไทเรล L2"
20453,"タイレルL3",453,0,0,"3/3/3/11/11/11",10,,"Tyrrel L3","타이렐3","泰瑞尔L3","泰瑞爾L3","Tyrrel L3","ไทเรล L3"
20454,"タイレルL4",454,0,0,"3/3/3/11/11/11",10,,"Tyrrel L4","타이렐4","泰瑞尔L4","泰瑞爾L4","Tyrrel L4","ไทเรล L4"
20455,"タイレルL5",455,0,0,"3/3/3/11/11/11",10,,"Tyrrel L5","타이렐5","泰瑞尔L5","泰瑞爾L5","Tyrrel L5","ไทเรล L5"
20456,"タイレルL6",456,0,0,"3/3/3/11/11/11",10,,"Tyrrel L6","타이렐6","泰瑞尔L6","泰瑞爾L6","Tyrrel L6","ไทเรล L6"
20457,"タイレルL7",457,0,0,"3/3/3/11/11/11",10,,"Tyrrel L7","타이렐7","泰瑞尔L7","泰瑞爾L7","Tyrrel L7","ไทเรล L7"
20458,"タイレルL8",458,0,0,"3/3/3/11/11/11",10,,"Tyrrel L8","타이렐8","泰瑞尔L8","泰瑞爾L8","Tyrrel L8","ไทเรล L8"
20459,"タイレルL9",459,0,0,"3/3/3/11/11/11",10,,"Tyrrel L9","타이렐9","泰瑞尔L9","泰瑞爾L9","Tyrrel L9","ไทเรล L9"
20460,"タイレルL10",460,0,0,"3/3/3/11/11/11",10,,"Tyrrel L10","타이렐10","泰瑞尔L10","泰瑞爾L10","Tyrrel L10","ไทเรล L10"
30001,"不死者","1047+105+155",0,0,"3/3/3/11/11/11/19/19/19/23/23/33/33/34/38/38/40/43",10,"Immortal","Immortel","불사자","不死者","不死者","Immortal","ผู้เป็นอมตะ"
30002,"不屈の戦士",13,0,0,"3/3/3/11/11/11/19/19/19/23/23/33/33/34/38/38/40/43",10,"Indomitable Warrior","Guerrier indomptable","불굴의 전사","不屈的战士","不屈的戰士","Indomitable Warrior","นักรบผู้ทรหด"
30003,"妖魔の試練","1022+1047+1036",0,0,"3/3/3/11/11/11/19/19/19/23/23/33/33/34/38/38/40/43",10,"Demon's Trial","Le Procès de démon","요마의 시련","妖魔的试用","妖魔的試用","Demon's Trial","ปิศาจทดลอง"
30004,"グランデレニア","1048+5+15",0,0,"3/3/3/11/11/11/19/19/19/23/23/33/33/34/38/38/40/43",10,"Granddillenia","Granddillenia","그란데레니아","古朗迪列尼亚","古朗迪列尼亞","Granddillenia","แกรนด์เดเลเนีย"
30005,"闇夜の吸血鬼",1065,0,0,"3/3/3/11/11/11/19/19/19/23/23/33/33/34/38/38/40/43",10,"Dark Night Ghost","Fantôme du Chevalier Noir","암야의 흡혈귀","黑夜的试用","黑夜的試用","Dark Night Ghost","ยักษ์ราตรี"
30006,"暗殺者",45,0,0,"3/3/3/11/11/11/19/19/19/23/23/33/33/34/38/38/40/43",10,"Assassin","Assassin","암살자","暗杀者","暗殺者","Assassin","ผู้ลอบสังหาร"
30007,"影からの侵略者","1041+1035+1033",0,0,"3/3/3/11/11/11/19/19/19/23/23/33/33/34/38/38/40/43",10,"Invader from Shadow","Envahisseur des Ombres","암흑의 침략자","侵略者从阴影","侵略者從陰影","Invader from Shadow","ผู้พิชิตจากเงามืด"
30008,"暗闇に映るもの","1046+1018+1071",0,0,"3/3/3/11/11/11/19/19/19/23/23/33/33/34/38/38/40/43",10,"Reflection in Dark","Ombre Ténébreuse","암흑의 그림자","黑暗中的几点思考","黑暗中的幾點思考","Reflection in Dark","วัตถุฉายภาพความมืด"
30009,"名無しの陽炎","1039+1039+1039",0,0,"3/3/3/11/11/11/19/19/19/23/23/33/33/34/38/38/40/43",10,"Nameless Shimmer","Chatoiement Inconnu","이름없는 아지랑이","无名阳炎","無名陽炎","Nameless Shimmer","ไอน้ำไร้นาม"
30010,"月と影の使者","1069+1042+20001",0,0,"3/3/3/11/11/11/19/19/19/23/23/33/33/34/38/38/40/43",10,"Ambassador of moon and light","Ambassadeur Lunaire","달과 그림자의 사자","月球和影使者","月球和影使者","Ambassador of moon and light","ผู้ใช้เงาและจันทรา"
30011,"修羅の小人","1001+1002+1003",0,0,"3/3/3/11/11/11/19/19/19/23/23/33/33/34/38/38/40/43",10,"Dwarf of Canage","Nain de Canage","수라의 난쟁이","修罗小矮人","修羅小矮人","Dwarf of Canage","คนแคระนักรบ"
30012,"妖魔の墓守","1046+1047+1050",0,0,"3/3/3/11/11/11/19/19/19/23/23/33/33/34/38/38/40/43",10,"Ghost of Grave Keeper","Fantôme du Croque-Mort","요마의 묘지기","守墓的鬼","守墓的鬼","Ghost of Grave Keeper","ปิศาจเฝ้าสุสาน"
30013,"夢見の吸血鬼","1054+1060+1066",0,0,"3/3/3/11/11/11/19/19/19/23/23/33/33/34/38/38/40/43",10,"Dreamy Vampire","Vampire rêveur","몽견의 흡혈귀","吸血鬼的梦想","吸血鬼的夢想","Dreamy Vampire","ผีดูดเลือดช่างฝัน"
30014,"不死の鳥",1059,0,0,"3/3/3/11/11/11/19/19/19/23/23/33/33/34/38/38/40/43",10,"Phoenix","Phénix","불사조","不死鸟","不死鳥","Phoenix","วิหคอมตะ"
30015,"爵鬼",1072,0,0,"3/3/3/11/11/11/19/19/19/23/23/33/33/34/38/38/40/43",10,"Noble Ghost","Noble Fantôme","작귀","爵鬼","爵鬼","Noble Ghost","วิญญาณขุนนาง"
30016,"火炎車","1011+1011+1012",0,0,"3/3/3/11/11/11/19/19/19/23/23/33/33/34/38/38/40/43",10,"Flame Car","Chariot Enflammé","화염차","火灾汽车","火災汽車","Flame Car","รถศึกเพลิง"
30017,"鎧装武者","1026+1032+1053",0,0,"3/3/3/11/11/11/19/19/19/23/23/33/33/34/38/38/40/43",10,"Armor Samurai","Samuraï en Armure","갑옷무사","铠甲武士","鎧甲武士","Armor Samurai","ซามูไรเกราะ"
30018,"デスペラード",73,0,0,"3/3/3/11/11/11/19/19/19/23/23/33/33/34/38/38/40/43",10,"Desperado","Desperado","무법자","致命枪击","致命槍擊","Desperado","เดสเพอราโด้"
30019,"双剣の担い手",135,0,0,"3/3/3/11/11/11/19/19/19/23/23/33/33/34/38/38/40/43",10,"The Man with Dual Sword","Homme à Double Lame","쌍검의 달인","双剑的背负者","雙劍的背負者","The Man with Dual Sword","ผู้ใช้ดาบคู่"
30020,"不滅の申し子","93+24+125",0,0,"3/3/3/11/11/11/19/19/19/23/23/33/33/34/38/38/40/43",10,"Immortal Boy","Garçon Immortel","불멸의 산물","不朽的孩子","不朽的孩子","Immortal Boy","พระบุตร ผู้เป็นอมตะ"
30021,"月光姫",20001,0,0,"3/3/3/11/11/11/19/19/19/23/23/33/33/34/38/38/40/43",10,"Moonlight Princess","Princesse du Clair de Lune","달빛공주","月光姬","月光姬","Moonlight Princess","เจ้าหญิงแสงจันทร์"
30022,"湖の支配者",20002,0,0,"3/3/3/11/11/11/19/19/19/23/23/33/33/34/38/38/40/43",10,"The Lake Ruler","Souverain du Lac","호수의 지배자","湖的支配者","湖的支配者","The Lake Ruler","ผู้ยึดครองทะเลสาบ"
30023,"姉弟の絆","115+165",0,0,"3/3/3/11/11/11/19/19/19/23/23/33/33/34/38/38/40/43",10,"Bonds Between Sibling","Amour Filial","남매의 연","姐弟的纽带","姐弟的紐帶","Bonds Between Sibling","สายสัมพันธ์พี่น้อง"
30024,"機械兵","1081+1087+193",0,0,"3/3/3/11/11/11/19/19/19/23/23/33/33/34/38/38/40/43",10,"Mechaical Soldier","Soldat Mécanique","기계병","机械兵","機械兵","Mechaical Soldier","ทหารจักรกล"
30025,"暗躍するもの","1071+1078+1057",0,0,"3/3/3/11/11/11/19/19/19/23/23/33/33/34/38/38/40/43",10,"Tricky Man","Homme rusé","암흑의 존재","秘密演习","秘密演習","Tricky Man","เครื่องมือวางกลยุทธ์"
30026,"狂気の研究者",185,0,0,"3/3/3/11/11/11/19/19/19/23/23/33/33/34/38/38/40/43",10,"Crazy Researcher","Chercheur Fou","광기의 연구원","异常研究者","異常研究者","Crazy Researcher","นักวิจัยผู้บ้าคลั่ง"
30027,"アコライト",205,0,0,"3/3/3/11/11/11/19/19/19/23/23/33/33/34/38/38/40/43",10,"Acolyte","Acolyte","어콜라이트","侍僧","侍僧","Acolyte","อโคไลท์"
30028,"Unlight","155+108+20001",0,0,"3/3/3/11/11/11/19/19/19/23/23/33/33/34/38/38/40/43",10,"Unlight","Unlight","언라이트","Unlight","Unlight","Unlight","Unlight"
30029,"蘇る英雄","8+28+38",0,0,"3/3/3/11/11/11/19/19/19/23/23/33/33/34/38/38/40/43",10,"Revial Hero","Héros Ressucité","되살아난 영웅","复甦的英雄","復甦的英雄","Revial Hero","วีรบุรุษผู้คืนชีพ"
30030,"影月湖","1042+20001+20002",0,0,"3/3/3/11/11/11/19/19/19/23/23/33/33/34/38/38/40/43",10,"Lake of Shadow and Moon","Lac d'Ombre et de Lune","달빛호수","影月湖","影月湖","Lake of Shadow and Moon","ทะเลสาบเงาจันทร์"
30031,"風世界の支配者","1099+1102+20003",0,0,"38/38/38/8/8/40/40/36/36/16/34/33/16/34/46/24/24/24",10,"monster","Souverain des Vents","바람세계의 지배자","风世界的支配者","風世界的支配者","Windland Ruler","ผู้ยึดครองโลกแห่งลม1"
30032,"探索者","1086+1081+155",0,0,"3/3/3/11/11/11/28/28/28/3/3/3/11/11/11/28/28/28",10,"monster","Enquêteur","탐색자","探索者","探索者","Scout","ผู้ค้นหา"
30033,"もう一人の獣人","1024+1030+165",0,0,"3/3/3/22/22/22/3/3/3/22/22/22/4/4/4/23/23/23",10,"monster","Thérianthrope","또다른 수인1","另一位兽人","另一位獸人","Beastmen","มนุษย์ครึ่งอสูรอีกตน"
30034,"死者を駆る者","1048+1036+175",0,0,"3/3/3/11/11/11/19/19/19/23/23/33/33/34/38/38/40/43",10,"monster","Résurrecteur","죽은자를 쫓는 자","赶尸者","趕屍者","Resurrector","ผู้บงการคนตาย"
30035,"知の探求者","1060+1090+185",0,0,"3/3/3/3/3/3/11/11/11/11/11/11/28/28/28/28/28/28",10,"monster","Chercheur Savant","지식의 탐구자1","知的探求者","知的探求者","Knowledge Seeker","ผู้แสวงหาความรู้"
30036,"ルビオナの防人","1085+1096+195",0,0,"3/3/3/11/11/11/19/19/19/23/23/33/33/34/38/38/40/43",10,"monster","Eclaireur de Lubiona","루비오나 수호자","鲁比欧娜的防卫","魯比歐娜的防衛","Lubiona Scout","องครักษ์แห่งรูบิโอน่า"
30037,"運命のカード","1074+1078+205",0,0,"3/3/3/11/11/11/19/19/19/23/23/33/33/34/38/38/40/43",10,"monster","Carte du Destin","운명의 카드","命运的卡片","命運的卡片","Card of Fate","ไพ่แห่งโชคชะตา"
30038,"導都からの刺客","85+95+215",0,0,"3/3/3/11/11/11/19/19/19/23/23/33/33/34/38/38/40/43",10,"monster","Assassin","자객","来自导都的刺客","來自導都的刺客","Assassin","นักฆ่า"
30039,"監視者","85+215+225",0,0,"3/3/3/11/11/11/19/19/19/23/23/33/33/34/38/38/40/43",10,"monster","Tuteur","감시자","监视者","監視者","Observer","ผู้สังเกตการณ์"
30040,"燃ゆる戦士","1039+1102+235",0,0,"3/3/3/11/11/11/19/19/19/23/23/33/33/34/38/38/40/43",10,"monster","Guerrier de Braises","타오르는 전사","燃烧的战士","燃燒的戰士","Ember Warriors","นักรบผู้เร่าร้อน"
30041,"隻腕の戦士","1078+1093+245",0,0,"3/3/3/11/11/11/19/19/19/23/23/33/33/34/38/38/40/43",10,"monster","Manchot Niveau","외팔의 전사","独臂的战士","獨臂的戰士","One-Armed Warrior","นักรบแขนเดียว"
30042,"白衣の男","105+155+255",0,0,"3/3/3/11/11/11/19/19/19/23/23/33/33/34/38/38/40/43",10,"monster","Guerrier Blanc Niveau","백의 남자","白衣男子","白衣男子","White Coat","ชายชุดขาว"
30043,"猛き神獣","1030+1063+265",0,0,"3/3/3/11/11/11/19/19/19/23/23/33/33/34/38/38/40/43",10,"monster","Bête Divine Niveau","맹렬한 신수","勇猛神兽","勇猛神獸","Divine Beast Tamer","สัตว์เทพ"
30044,"パンプキング",20014,0,0,"3/3/3/3/3/3/11/11/11/35/35/35/22/22/22/22/22/22",10,,"Pumpking","펌프킹","南瓜王","南瓜王","Pumpking","พัมพ์คิงแห่งฮัลโลวีน"
30045,"パンプキング",20014,0,0,"3/3/3/3/3/3/11/11/11/35/35/35/22/22/22/22/22/22",10,,"Pumpking","펌프킹","南瓜王","南瓜王","Pumpking","พัมพ์คิงแห่งฮัลโลวีน"
30046,"パンプキング",20014,0,0,"3/3/3/3/3/3/11/11/11/35/35/35/22/22/22/22/22/22",10,,"Pumpking","펌프킹","南瓜王","南瓜王","Pumpking","พัมพ์คิงแห่งฮัลโลวีน"
30047,"パンプキング",20014,0,0,"3/3/3/3/3/3/11/11/11/35/35/35/22/22/22/22/22/22",10,,"Pumpking","펌프킹","南瓜王","南瓜王","Pumpking","พัมพ์คิงแห่งฮัลโลวีน"
30048,"パンプキング",20014,0,0,"3/3/3/3/3/3/11/11/11/35/35/35/22/22/22/22/22/22",10,,"Pumpking","펌프킹","南瓜王","南瓜王","Pumpking","พัมพ์คิงแห่งฮัลโลวีน"
30049,"パンプキング",20014,0,0,"3/3/3/3/3/3/11/11/11/35/35/35/22/22/22/22/22/22",10,,"Pumpking","펌프킹","南瓜王","南瓜王","Pumpking","พัมพ์คิงแห่งฮัลโลวีน"
30050,"パンプキング",20014,0,0,"3/3/3/3/3/3/11/11/11/35/35/35/22/22/22/22/22/22",10,,"Pumpking","펌프킹","南瓜王","南瓜王","Pumpking","พัมพ์คิงแห่งฮัลโลวีน"
30051,"パンプキング",20014,0,0,"3/3/3/3/3/3/11/11/11/35/35/35/22/22/22/22/22/22",10,,"Pumpking","펌프킹","南瓜王","南瓜王","Pumpking","พัมพ์คิงแห่งฮัลโลวีน"
30052,"パンプキング",20014,0,0,"3/3/3/3/3/3/11/11/11/35/35/35/22/22/22/22/22/22",10,,"Pumpking","펌프킹","南瓜王","南瓜王","Pumpking","พัมพ์คิงแห่งฮัลโลวีน"
30053,"パンプキング",20014,0,0,"3/3/3/3/3/3/11/11/11/35/35/35/22/22/22/22/22/22",10,,"Pumpking","펌프킹","南瓜王","南瓜王","Pumpking","พัมพ์คิงแห่งฮัลโลวีน"
30054,"パンプキング",20014,0,0,"3/3/3/3/3/3/11/11/11/35/35/35/22/22/22/22/22/22",10,,"Pumpking","펌프킹","南瓜王","南瓜王","Pumpking","พัมพ์คิงแห่งฮัลโลวีน"
30055,"パンプキング",20014,0,0,"3/3/3/3/3/3/11/11/11/35/35/35/22/22/22/22/22/22",10,,"Pumpking","펌프킹","南瓜王","南瓜王","Pumpking","พัมพ์คิงแห่งฮัลโลวีน"
30056,"パンプキング",20014,0,0,"3/3/3/3/3/3/11/11/11/35/35/35/22/22/22/22/22/22",10,,"Pumpking","펌프킹","南瓜王","南瓜王","Pumpking","พัมพ์คิงแห่งฮัลโลวีน"
30057,"パンプキング",20014,0,0,"3/3/3/3/3/3/11/11/11/35/35/35/22/22/22/22/22/22",10,,"Pumpking","펌프킹","南瓜王","南瓜王","Pumpking","พัมพ์คิงแห่งฮัลโลวีน"
30058,"パンプキング",20014,0,0,"3/3/3/3/3/3/11/11/11/35/35/35/22/22/22/22/22/22",10,,"Pumpking","펌프킹","南瓜王","南瓜王","Pumpking","พัมพ์คิงแห่งฮัลโลวีน"
30059,"パンプキング",20014,0,0,"3/3/3/3/3/3/11/11/11/35/35/35/22/22/22/22/22/22",10,,"Pumpking","펌프킹","南瓜王","南瓜王","Pumpking","พัมพ์คิงแห่งฮัลโลวีน"
30060,"パンプキング",20014,0,0,"3/3/3/3/3/3/11/11/11/35/35/35/22/22/22/22/22/22",10,,"Pumpking","펌프킹","南瓜王","南瓜王","Pumpking","พัมพ์คิงแห่งฮัลโลวีน"
30061,"パンプキング",20014,0,0,"3/3/3/3/3/3/11/11/11/35/35/35/22/22/22/22/22/22",10,,"Pumpking","펌프킹","南瓜王","南瓜王","Pumpking","พัมพ์คิงแห่งฮัลโลวีน"
30062,"パンプキング",20014,0,0,"3/3/3/3/3/3/11/11/11/35/35/35/22/22/22/22/22/22",10,,"Pumpking","펌프킹","南瓜王","南瓜王","Pumpking","พัมพ์คิงแห่งฮัลโลวีน"
30063,"パンプキング",20014,0,0,"3/3/3/3/3/3/11/11/11/35/35/35/22/22/22/22/22/22",10,,"Pumpking","펌프킹","南瓜王","南瓜王","Pumpking","พัมพ์คิงแห่งฮัลโลวีน"
30064,"パンプキング",20014,0,0,"3/3/3/3/3/3/11/11/11/35/35/35/22/22/22/22/22/22",10,,"Pumpking","펌프킹","南瓜王","南瓜王","Pumpking","พัมพ์คิงแห่งฮัลโลวีน"
30065,"パンプキング",20014,0,0,"3/3/3/3/3/3/11/11/11/35/35/35/22/22/22/22/22/22",10,,"Pumpking","펌프킹","南瓜王","南瓜王","Pumpking","พัมพ์คิงแห่งฮัลโลวีน"
30066,"パンプキング",20014,0,0,"3/3/3/3/3/3/11/11/11/35/35/35/22/22/22/22/22/22",10,,"Pumpking","펌프킹","南瓜王","南瓜王","Pumpking","พัมพ์คิงแห่งฮัลโลวีน"
30067,"パンプキング",20014,0,0,"3/3/3/3/3/3/11/11/11/35/35/35/22/22/22/22/22/22",10,,"Pumpking","펌프킹","南瓜王","南瓜王","Pumpking","พัมพ์คิงแห่งฮัลโลวีน"
30068,"パンプキング",20014,0,0,"3/3/3/3/3/3/11/11/11/35/35/35/22/22/22/22/22/22",10,,"Pumpking","펌프킹","南瓜王","南瓜王","Pumpking","พัมพ์คิงแห่งฮัลโลวีน"
30069,"パンプキング",20014,0,0,"3/3/3/3/3/3/11/11/11/35/35/35/22/22/22/22/22/22",10,,"Pumpking","펌프킹","南瓜王","南瓜王","Pumpking","พัมพ์คิงแห่งฮัลโลวีน"
30070,"パンプキング",20014,0,0,"3/3/3/3/3/3/11/11/11/35/35/35/22/22/22/22/22/22",10,,"Pumpking","펌프킹","南瓜王","南瓜王","Pumpking","พัมพ์คิงแห่งฮัลโลวีน"
30071,"パンプキング",20014,0,0,"3/3/3/3/3/3/11/11/11/35/35/35/22/22/22/22/22/22",10,,"Pumpking","펌프킹","南瓜王","南瓜王","Pumpking","พัมพ์คิงแห่งฮัลโลวีน"
30072,"パンプキング",20014,0,0,"3/3/3/3/3/3/11/11/11/35/35/35/22/22/22/22/22/22",10,,"Pumpking","펌프킹","南瓜王","南瓜王","Pumpking","พัมพ์คิงแห่งฮัลโลวีน"
30073,"パンプキング",20014,0,0,"3/3/3/3/3/3/11/11/11/35/35/35/22/22/22/22/22/22",10,,"Pumpking","펌프킹","南瓜王","南瓜王","Pumpking","พัมพ์คิงแห่งฮัลโลวีน"
30074,"クランプス亜種",20015,0,0,"23/23/23/23/23/23",10,,"Sous-espèce de Crumps","크램프스","羊角兽（稀有種）","羊角獸（稀有種）","Cramps Subspecies",
30075,"フロレンスEx","1087+195+265",0,0,"3/3/3/5/11/11/11/13/19/19/21/22/22/24/22/22/24/34",10,,"Florence Ex","플로렌스 Ex","佛罗伦斯Ex","佛羅倫斯Ex","Florence Ex","ฟลอเรนซ์ EX"
30076,"パルモEx","1030+165+275",0,0,"3/3/3/5/11/11/11/13/19/19/21/22/22/24/22/22/24/34",10,,"Palmo Ex","파르모 Ex","帕茉Ex","帕茉Ex","Palmo Ex","พาลโม EX"
30077,"アスラEx","1098+1090+285",0,0,"3/3/3/5/11/11/11/13/19/19/21/22/22/24/22/22/24/34",10,,"Asura Ex","아수라 Ex","阿修罗Ex","阿修羅Ex","Asura Ex","อาซูร่า EX"
30078,"ブロウニングEx","314+385+295",0,0,"3/3/3/5/11/11/11/13/19/19/21/22/22/24/22/22/24/34",10,,"Browning Ex","브라우닝 Ex","布朗宁Ex","布朗寧Ex","Browning Ex","บราวนิ่ง EX"
30079,"マルセウスEx","303+304+305",0,0,"3/3/3/5/11/11/11/13/19/19/21/22/22/24/22/22/24/34",10,,"Marseus Ex","마르세우스 Ex","玛尔瑟斯Ex","瑪爾瑟斯Ex","Marseus Ex","มาร์เซอุส EX"
30080,"リュカEx","275+285+325",0,0,"3/3/3/5/11/11/11/13/19/19/21/22/22/24/22/22/24/34",10,,"Luka Ex","루카 Ex","鲁卡Ex","魯卡Ex","Luka Ex","ลูคา EX"
30081,"ステイシアEx","1103+1131+335",0,0,"3/3/3/5/11/11/11/13/19/19/21/22/22/24/22/22/24/34",10,,"Stacia Ex","스테이시아 Ex","史塔夏Ex","史塔夏Ex","Stacia Ex","สเตเซีย EX"
30082,"ヴォランドEx","1133+375+345",0,0,"3/3/3/5/11/11/11/13/19/19/21/22/22/24/22/22/24/34",10,,"Vorand Ex","볼랜드 Ex","沃兰德Ex","沃蘭德Ex","Voland Ex","โวลันด์ EX"
40001,"カボチャ王",30001,0,0,"3/3/3/3/3/3/11/11/11/35/35/35/22/22/22/22/22/22",10,,"Pumpking","펌프킹","南瓜王","南瓜王","Pumpking","พัมพ์คิงแห่งฮัลโลวีน"
40002,"カボチャ王",30002,0,0,"3/3/3/3/3/3/11/11/11/35/35/35/22/22/22/22/22/22",10,,"Pumpking","펌프킹","南瓜王","南瓜王","Pumpking","พัมพ์คิงแห่งฮัลโลวีน"
40003,"カボチャ王",30003,0,0,"3/3/3/3/3/3/11/11/11/35/35/35/22/22/22/22/22/22",10,,"Pumpking","펌프킹","南瓜王","南瓜王","Pumpking","พัมพ์คิงแห่งฮัลโลวีน"
40004,"カボチャ王",30004,0,0,"3/3/3/3/3/3/11/11/11/35/35/35/22/22/22/22/22/22",10,,"Pumpking","펌프킹","南瓜王","南瓜王","Pumpking","พัมพ์คิงแห่งฮัลโลวีน"
40005,"カボチャ王",30005,0,0,"3/3/3/3/3/3/11/11/11/35/35/35/22/22/22/22/22/22",10,,"Pumpking","펌프킹","南瓜王","南瓜王","Pumpking","พัมพ์คิงแห่งฮัลโลวีน"
40006,"大巨人",30006,0,0,"47/47/47/63/63/63/50/50/50/72/72/72/71/71/71/80/80/80",20,,"Titan","거인",,"大巨人",,
40007,"大巨人",30007,0,0,"47/47/47/63/63/63/50/50/50/72/72/72/71/71/71/80/80/80",20,,"Titan","거인",,"大巨人",,
40008,"大巨人",30008,0,0,"47/47/47/63/63/63/50/50/50/72/72/72/71/71/71/80/80/80",20,,"Titan","거인",,"大巨人",,
40009,"大巨人",30009,0,0,"47/47/47/63/63/63/50/50/50/72/72/72/71/71/71/80/80/80",20,,"Titan","거인",,"大巨人",,
